Degrees_x,timestamp,Sensor1_x,Sensor1_y,Sensor1_z,Sensor2_x,Sensor2_y,Sensor2_z,Diff_x,Diff_y,Diff_z,Diff_inv_x,Diff_inv_y,Diff_inv_z,minus_Sensor1_x_plus_Sensor2_x,minus_Sensor1_y_plus_Sensor2_y,minus_Sensor1_z_plus_Sensor2_z,minus_Sensor2_x_plus_Sensor1_x,minus_Sensor2_y_plus_Sensor1_y,minus_Sensor2_z_plus_Sensor1_z,timestamp_2,Sensor1_x_2,Sensor1_y_2,Sensor1_z_2,Sensor2_x_2,Sensor2_y_2,Sensor2_z_2,Diff_x_2,Diff_y_2,Diff_z_2,Diff_inv_x_2,Diff_inv_y_2,Diff_inv_z_2,minus_Sensor1_x_plus_Sensor2_x_2,minus_Sensor1_y_plus_Sensor2_y_2,minus_Sensor1_z_plus_Sensor2_z_2,minus_Sensor2_x_plus_Sensor1_x_2,minus_Sensor2_y_plus_Sensor1_y_2,minus_Sensor2_z_plus_Sensor1_z_2,timestamp_3,Sensor1_x_3,Sensor1_y_3,Sensor1_z_3,Sensor2_x_3,Sensor2_y_3,Sensor2_z_3,Diff_x_3,Diff_y_3,Diff_z_3,Diff_inv_x_3,Diff_inv_y_3,Diff_inv_z_3,minus_Sensor1_x_plus_Sensor2_x_3,minus_Sensor1_y_plus_Sensor2_y_3,minus_Sensor1_z_plus_Sensor2_z_3,minus_Sensor2_x_plus_Sensor1_x_3,minus_Sensor2_y_plus_Sensor1_y_3,minus_Sensor2_z_plus_Sensor1_z_3,timestamp_avg,Sensor1_x_avg,Sensor1_y_avg,Sensor1_z_avg,Sensor2_x_avg,Sensor2_y_avg,Sensor2_z_avg,Diff_x_avg,Diff_y_avg,Diff_z_avg,Diff_inv_x_avg,Diff_inv_y_avg,Diff_inv_z_avg,minus_Sensor1_x_plus_Sensor2_x_avg,minus_Sensor1_y_plus_Sensor2_y_avg,minus_Sensor1_z_plus_Sensor2_z_avg,minus_Sensor2_x_plus_Sensor1_x_avg,minus_Sensor2_y_plus_Sensor1_y_avg,minus_Sensor2_z_plus_Sensor1_z_avg
-120,,,,,,,,,,,,,,,,,,,,,,,,,,,,,,,,,,,,,,,,,,,,,,,,,,,,,,,,,,,,,,,,,,,,,,,,,,,,
-119,,,,,,,,,,,,,,,,,,,,,,,,,,,,,,,,,,,,,,,,,,,,,,,,,,,,,,,,,,,,,,,,,,,,,,,,,,,,
-118,,,,,,,,,,,,,,,,,,,,,,,,,,,,,,,,,,,,,,,,,,,,,,,,,,,,,,,,,,,,,,,,,,,,,,,,,,,,
-117,,,,,,,,,,,,,,,,,,,,,,,,,,,,,,,,,,,,,,,,,,,,,,,,,,,,,,,,,,,,,,,,,,,,,,,,,,,,
-116,,,,,,,,,,,,,,,,,,,,,,,,,,,,,,,,,,,,,,,,,,,,,,,,,,,,,,,,,,,,,,,,,,,,,,,,,,,,
-115,,,,,,,,,,,,,,,,,,,,,,,,,,,,,,,,,,,,,,,,,,,,,,,,,,,,,,,,,,,,,,,,,,,,,,,,,,,,
-114,,,,,,,,,,,,,,,,,,,,,,,,,,,,,,,,,,,,,,,,,,,,,,,,,,,,,,,,,,,,,,,,,,,,,,,,,,,,
-113,,,,,,,,,,,,,,,,,,,,,,,,,,,,,,,,,,,,,,,,,,,,,,,,,,,,,,,,,,,,,,,,,,,,,,,,,,,,
-112,,,,,,,,,,,,,,,,,,,,,,,,,,,,,,,,,,,,,,,,,,,,,,,,,,,,,,,,,,,,,,,,,,,,,,,,,,,,
-111,,,,,,,,,,,,,,,,,,,,,,,,,,,,,,,,,,,,,,,,,,,,,,,,,,,,,,,,,,,,,,,,,,,,,,,,,,,,
-110,,,,,,,,,,,,,,,,,,,,,,,,,,,,,,,,,,,,,,,,,,,,,,,,,,,,,,,,,,,,,,,,,,,,,,,,,,,,
-109,,,,,,,,,,,,,,,,,,,,,,,,,,,,,,,,,,,,,,,,,,,,,,,,,,,,,,,,,,,,,,,,,,,,,,,,,,,,
-108,,,,,,,,,,,,,,,,,,,,,,,,,,,,,,,,,,,,,,,,,,,,,,,,,,,,,,,,,,,,,,,,,,,,,,,,,,,,
-107,,,,,,,,,,,,,,,,,,,,,,,,,,,,,,,,,,,,,,,,,,,,,,,,,,,,,,,,,,,,,,,,,,,,,,,,,,,,
-106,,,,,,,,,,,,,,,,,,,,,,,,,,,,,,,,,,,,,,,,,,,,,,,,,,,,,,,,,,,,,,,,,,,,,,,,,,,,
-105,,,,,,,,,,,,,,,,,,,,,,,,,,,,,,,,,,,,,,,,,,,,,,,,,,,,,,,,,,,,,,,,,,,,,,,,,,,,
-104,,,,,,,,,,,,,,,,,,,,,,,,,,,,,,,,,,,,,,,,,,,,,,,,,,,,,,,,,,,,,,,,,,,,,,,,,,,,
-103,,,,,,,,,,,,,,,,,,,,,,,,,,,,,,,,,,,,,,,,,,,,,,,,,,,,,,,,,,,,,,,,,,,,,,,,,,,,
-102,,,,,,,,,,,,,,,,,,,,,,,,,,,,,,,,,,,,,,,,,,,,,,,,,,,,,,,,,,,,,,,,,,,,,,,,,,,,
-101,,,,,,,,,,,,,,,,,,,,,,,,,,,,,,,,,,,,,,,,,,,,,,,,,,,,,,,,,,,,,,,,,,,,,,,,,,,,
-100,,,,,,,,,,,,,,,,,,,,,,,,,,,,,,,,,,,,,,,,,,,,,,,,,,,,,,,,,,,,,,,,,,,,,,,,,,,,
-99,,,,,,,,,,,,,,,,,,,,,,,,,,,,,,,,,,,,,,,,,,,,,,,,,,,,,,,,,,,,,,,,,,,,,,,,,,,,
-98,,,,,,,,,,,,,,,,,,,,,,,,,,,,,,,,,,,,,,,,,,,,,,,,,,,,,,,,,,,,,,,,,,,,,,,,,,,,
-97,,,,,,,,,,,,,,,,,,,,,,,,,,,,,,,,,,,,,,,,,,,,,,,,,,,,,,,,,,,,,,,,,,,,,,,,,,,,
-96,,,,,,,,,,,,,,,,,,,,,,,,,,,,,,,,,,,,,,,,,,,,,,,,,,,,,,,,,,,,,,,,,,,,,,,,,,,,
-95,,,,,,,,,,,,,,,,,,,,,,,,,,,,,,,,,,,,,,,,,,,,,,,,,,,,,,,,,,,,,,,,,,,,,,,,,,,,
-94,,,,,,,,,,,,,,,,,,,,,,,,,,,,,,,,,,,,,,,,,,,,,,,,,,,,,,,,,,,,,,,,,,,,,,,,,,,,
-93,,,,,,,,,,,,,,,,,,,,,,,,,,,,,,,,,,,,,,,,,,,,,,,,,,,,,,,,,,,,,,,,,,,,,,,,,,,,
-92,,,,,,,,,,,,,,,,,,,,,,,,,,,,,,,,,,,,,,,,,,,,,,,,,,,,,,,,,,,,,,,,,,,,,,,,,,,,
-91,,,,,,,,,,,,,,,,,,,,,,,,,,,,,,,,,,,,,,,,,,,,,,,,,,,,,,,,,,,,,,,,,,,,,,,,,,,,
-90,,,,,,,,,,,,,,,,,,,,,,,,,,,,,,,,,,,,,,,,,,,,,,,,,,,,,,,,,,,,,,,,,,,,,,,,,,,,
-89,,,,,,,,,,,,,,,,,,,,,,,,,,,,,,,,,,,,,,,,,,,,,,,,,,,,,,,,,,,,,,,,,,,,,,,,,,,,
-88,,,,,,,,,,,,,,,,,,,,,,,,,,,,,,,,,,,,,,,,,,,,,,,,,,,,,,,,,,,,,,,,,,,,,,,,,,,,
-87,,,,,,,,,,,,,,,,,,,,,,,,,,,,,,,,,,,,,,,,,,,,,,,,,,,,,,,,,,,,,,,,,,,,,,,,,,,,
-86,,,,,,,,,,,,,,,,,,,,,,,,,,,,,,,,,,,,,,,,,,,,,,,,,,,,,,,,,,,,,,,,,,,,,,,,,,,,
-85,,,,,,,,,,,,,,,,,,,,,,,,,,,,,,,,,,,,,,,,,,,,,,,,,,,,,,,,,,,,,,,,,,,,,,,,,,,,
-84,,,,,,,,,,,,,,,,,,,,,,,,,,,,,,,,,,,,,,,,,,,,,,,,,,,,,,,,,,,,,,,,,,,,,,,,,,,,
-83,,,,,,,,,,,,,,,,,,,,,,,,,,,,,,,,,,,,,,,,,,,,,,,,,,,,,,,,,,,,,,,,,,,,,,,,,,,,
-82,,,,,,,,,,,,,,,,,,,,,,,,,,,,,,,,,,,,,,,,,,,,,,,,,,,,,,,,,,,,,,,,,,,,,,,,,,,,
-81,,,,,,,,,,,,,,,,,,,,,,,,,,,,,,,,,,,,,,,,,,,,,,,,,,,,,,,,,,,,,,,,,,,,,,,,,,,,
-80,,,,,,,,,,,,,,,,,,,,,,,,,,,,,,,,,,,,,,,,,,,,,,,,,,,,,,,,,,,,,,,,,,,,,,,,,,,,
-79,,,,,,,,,,,,,,,,,,,,,,,,,,,,,,,,,,,,,,,,,,,,,,,,,,,,,,,,,,,,,,,,,,,,,,,,,,,,
-78,,,,,,,,,,,,,,,,,,,,,,,,,,,,,,,,,,,,,,,,,,,,,,,,,,,,,,,,,,,,,,,,,,,,,,,,,,,,
-77,,,,,,,,,,,,,,,,,,,,,,,,,,,,,,,,,,,,,,,,,,,,,,,,,,,,,,,,,,,,,,,,,,,,,,,,,,,,
-76,,,,,,,,,,,,,,,,,,,,,,,,,,,,,,,,,,,,,,,,,,,,,,,,,,,,,,,,,,,,,,,,,,,,,,,,,,,,
-75,,,,,,,,,,,,,,,,,,,,,,,,,,,,,,,,,,,,,,,,,,,,,,,,,,,,,,,,,,,,,,,,,,,,,,,,,,,,
-74,,,,,,,,,,,,,,,,,,,,,,,,,,,,,,,,,,,,,,,,,,,,,,,,,,,,,,,,,,,,,,,,,,,,,,,,,,,,
-73,,,,,,,,,,,,,,,,,,,,,,,,,,,,,,,,,,,,,,,,,,,,,,,,,,,,,,,,,,,,,,,,,,,,,,,,,,,,
-72,,,,,,,,,,,,,,,,,,,,,,,,,,,,,,,,,,,,,,,,,,,,,,,,,,,,,,,,,,,,,,,,,,,,,,,,,,,,
-71,,,,,,,,,,,,,,,,,,,,,,,,,,,,,,,,,,,,,,,,,,,,,,,,,,,,,,,,,,,,,,,,,,,,,,,,,,,,
-70,,,,,,,,,,,,,,,,,,,,,,,,,,,,,,,,,,,,,,,,,,,,,,,,,,,,,,,,,,,,,,,,,,,,,,,,,,,,
-69,,,,,,,,,,,,,,,,,,,,,,,,,,,,,,,,,,,,,,,,,,,,,,,,,,,,,,,,,,,,,,,,,,,,,,,,,,,,
-68,,,,,,,,,,,,,,,,,,,,,,,,,,,,,,,,,,,,,,,,,,,,,,,,,,,,,,,,,,,,,,,,,,,,,,,,,,,,
-67,,,,,,,,,,,,,,,,,,,,,,,,,,,,,,,,,,,,,,,,,,,,,,,,,,,,,,,,,,,,,,,,,,,,,,,,,,,,
-66,,,,,,,,,,,,,,,,,,,,,,,,,,,,,,,,,,,,,,,,,,,,,,,,,,,,,,,,,,,,,,,,,,,,,,,,,,,,
-65,,,,,,,,,,,,,,,,,,,,,,,,,,,,,,,,,,,,,,,,,,,,,,,,,,,,,,,,,,,,,,,,,,,,,,,,,,,,
-64,,,,,,,,,,,,,,,,,,,,,,,,,,,,,,,,,,,,,,,2283.75,-14.044285431236203,6.925228689018109,6.512013747395284,-74.67962118554907,-16.152490180661985,5.055079893513169,-64.0,-15.511863355694848,14.776832008353088,64.36111111111111,14.444629259865016,15.186595755143351,-60.63533575431287,-23.07771886968009,-1.4569338538821153,60.63533575431287,23.07771886968009,1.4569338538821153,2283.75,-14.044285431236203,6.925228689018109,6.512013747395284,-74.67962118554907,-16.152490180661985,5.055079893513169,-64.0,-15.511863355694848,14.776832008353088,64.36111111111111,14.444629259865016,15.186595755143351,-60.63533575431287,-23.07771886968009,-1.4569338538821153,60.63533575431287,23.07771886968009,1.4569338538821153
-63,,,,,,,,,,,,,,,,,,,,1681.1052631578948,-15.521697462988545,5.868166155529121,8.454771622448924,-75.83173122685278,-16.192705244598642,4.283210432593154,-63.0,-16.873713640032047,12.003244164153058,63.78947368421053,12.81367510003172,17.468320258311806,-60.31003376386423,-22.060871400127763,-4.171561189855769,60.31003376386423,22.060871400127763,4.171561189855769,2298.9333333333334,-16.12662918450437,6.762152597668887,5.751735447123473,-75.32428173632115,-17.154990427732585,4.965162142851194,-63.0,-16.08892802396786,14.772742317828518,63.25333333333333,14.983893556764546,15.440610242085125,-59.19765255181679,-23.917143025401472,-0.7865733042722787,59.19765255181679,23.917143025401472,0.7865733042722787,1990.0192982456142,-15.824163323746458,6.315159376599004,7.103253534786198,-75.57800648158697,-16.673847836165614,4.624186287722174,-63.0,-16.481320831999952,13.387993240990788,63.521403508771925,13.898784328398133,16.454465250198467,-59.75384315784051,-22.98900721276462,-2.479067247064024,59.75384315784051,22.98900721276462,2.479067247064024
-62,,,,,,,,,,,,,,,,,,,,1766.6078431372548,-15.348196174655804,6.20760595774492,7.672844519802825,-74.3039459300431,-16.683198104220246,5.605970723643151,-62.0,-17.118764620360523,13.830337362873495,62.568627450980394,14.859287450696772,16.59897549579746,-58.955749755387295,-22.890804061965166,-2.0668737961596735,58.955749755387295,22.890804061965166,2.0668737961596735,2313.4,-16.386985705016404,7.287265882254792,5.7508810967604385,-74.79315628899562,-17.353142411079705,4.968287235237969,-62.0,-16.721228232499023,15.166181930195545,62.85,15.774030427527297,15.687490670148113,-58.406170583979225,-24.640408293334495,-0.7825938615224696,58.406170583979225,24.640408293334495,0.7825938615224696,2040.0039215686274,-15.867590939836104,6.747435919999856,6.711862808281632,-74.54855110951937,-17.018170257649977,5.28712897944056,-62.0,-16.919996426429773,14.498259646534521,62.7093137254902,15.316658939112035,16.143233082972788,-58.68096016968326,-23.76560617764983,-1.4247338288410716,58.68096016968326,23.76560617764983,1.4247338288410716
-61,1261.5,-13.624785465797363,4.50215906527244,8.315037340333692,-72.34376198941638,-15.970497750657525,8.34998195449893,-61.0,-16.204322907791365,14.54310565136873,61.25,15.33768360020916,15.159194005026306,-58.71897652361902,-20.472656815929966,0.034944614165236754,58.71897652361902,20.472656815929966,-0.034944614165236754,1771.8877551020407,-15.977697980040787,6.023069874358979,7.854644562172767,-74.0446355360526,-17.082977431791438,6.364848056364233,-61.0,-17.772925889127386,14.19040248710615,61.97959183673469,15.74176154695668,16.781603726435197,-58.066937556011816,-23.106047306150415,-1.4897965058085343,58.066937556011816,23.106047306150415,1.4897965058085343,2360.2,-12.222250897941205,6.340306582630082,6.218255815669399,-70.54591221027381,-14.345183693534574,4.188813665687917,-61.0,-13.78024146268298,12.986331311814336,61.4,12.788692846448836,13.77379738212532,-58.323661312332604,-20.685490276164654,-2.029442149981482,58.323661312332604,20.685490276164654,2.029442149981482,1797.8625850340134,-13.941578114593119,5.621845174087166,7.462645906058619,-72.31143657858092,-15.79955295866118,6.301214558850359,-61.0,-15.919163419867244,13.906613150096405,61.54319727891157,14.622712664538227,15.238198371195608,-58.36985846398781,-21.421398132748347,-1.1614313472082598,58.36985846398781,21.421398132748347,1.1614313472082598
-60,1265.5,-13.314752826860515,4.570943027070909,8.315241872678934,-71.23277593673366,-15.640785745717682,8.161612378090943,-60.0,-16.06645266808424,14.246971859066496,60.5,15.23947970202994,14.952893679836226,-57.91802310987315,-20.21172877278859,-0.15362949458799013,57.91802310987315,20.21172877278859,0.15362949458799013,1847.0,-12.69275086811094,6.3061277516174385,6.497506653377745,-69.75099599720157,-15.672407317134855,4.322872420682522,-60.0,-15.588682172529417,12.831355073549886,60.666666666666664,13.787331590972578,15.230306186235005,-57.058245129090636,-21.978535068752294,-2.1746342326952237,57.058245129090636,21.978535068752294,2.1746342326952237,2392.0,-10.46625834710148,5.930837078368637,5.9942073076215285,-68.05141783264544,-13.438090511617842,3.838769212225363,-60.0,-12.670473424823323,12.190168745947211,60.333333333333336,11.798864284474698,12.952366990530601,-57.585159485543976,-19.36892758998648,-2.1554380953961654,57.585159485543976,19.36892758998648,2.1554380953961654,1834.8333333333333,-12.157920680690978,5.602635952352329,6.935651944559403,-69.67839658886022,-14.91709452482346,5.441084670332942,-60.0,-14.775202755145658,13.089498559521198,60.5,13.608558525825737,14.378522285533945,-57.52047590816925,-20.519730477175788,-1.4945672742264595,57.52047590816925,20.519730477175788,1.4945672742264595
-59,1269.5,-13.000406926355893,4.6140341553743065,8.244726248868492,-70.0298872939527,-15.322524095578071,7.990522567567648,-59.0,-15.881821995539312,13.965227255753689,59.5,15.148187967657197,14.6825773461028,-57.029480367596804,-19.936558250952377,-0.2542036813008439,57.029480367596804,19.936558250952377,0.2542036813008439,1850.0,-12.297709263431033,6.080033623197138,6.3667536477773945,-68.49530794060975,-15.302657261547475,3.8195867183973427,-59.0,-15.194904110977305,12.014392334830239,59.666666666666664,13.146355652932554,15.065856478870165,-56.197598677178725,-21.382690884744616,-2.547166929380052,56.197598677178725,21.382690884744616,2.547166929380052,2395.0,-9.970386288562201,5.768474379268491,6.082058926666398,-66.7600472244467,-13.103906802321676,3.924178399904598,-59.0,-12.51527809053743,11.93140103873064,59.333333333333336,11.705541461339353,12.758734049226076,-56.789660935884505,-18.872381181590168,-2.1578805267617995,56.789660935884505,18.872381181590168,2.1578805267617995,1838.1666666666667,-11.756167492783042,5.487514052613311,6.897846274437428,-68.42841415300303,-14.57636271981574,5.24476256195653,-59.0,-14.530668065684681,12.63700687643819,59.5,13.333361693976366,14.169055958066346,-56.67224666022002,-20.063876772429055,-1.6530837124808986,56.67224666022002,20.063876772429055,1.6530837124808986
-58,1273.5,-12.684111483771517,4.61832168800354,8.117981946787967,-68.71605351805252,-15.004885051507134,7.815525706045087,-58.0,-15.649264921838602,13.655041965586932,58.5,15.03054978410853,14.36368043045616,-56.031942034280995,-19.623206739510675,-0.3024562407428799,56.031942034280995,19.623206739510675,0.3024562407428799,1853.0,-11.899679658401306,5.848120413155222,6.207645026178928,-67.14302521692277,-14.927218639488672,3.429790252245469,-58.0,-14.782099497698615,11.311609039317103,58.666666666666664,12.614188643754083,14.831081186305505,-55.24334555852147,-20.775339052643897,-2.7778547739334587,55.24334555852147,20.775339052643897,2.7778547739334587,2398.0,-9.523208254738945,5.62627736441697,6.2025156739722895,-65.3646624069148,-12.796996387713405,4.050534904795979,-58.0,-12.450122958626329,11.68772228588705,58.333333333333336,11.70119379232689,12.611886989428791,-55.84145415217586,-18.423273752130374,-2.1519807691763106,55.84145415217586,18.423273752130374,2.1519807691763106,1841.5,-11.36899979897059,5.364239821858578,6.842714215646395,-67.07458038063004,-14.243033359569736,5.098616954362178,-58.0,-14.293829126054517,12.218124430263694,58.5,13.115310740063167,13.935549535396818,-55.70558058165944,-19.607273181428315,-1.7440972612842163,55.70558058165944,19.607273181428315,1.7440972612842163
-57,1277.0,-12.419782787915802,4.6078964416059,7.971842718992588,-67.49766163366398,-14.730559450592068,7.652388771884188,-57.0,-15.426232133812226,13.367161425096372,57.666666666666664,14.917330358183461,14.063767591448325,-55.07787884574819,-19.33845589219797,-0.31945394710839903,55.07787884574819,19.33845589219797,0.31945394710839903,1855.5,-11.568047448787048,5.6432932109995795,6.058891447890878,-65.95622555415734,-14.610778937645804,3.221879403221351,-57.0,-14.42222222546933,10.837005932356195,57.5,12.267958366342228,14.567406150529866,-54.388178105370294,-20.254072148645385,-2.8370120446695273,54.388178105370294,20.254072148645385,2.8370120446695273,2400.5,-9.187272004987191,5.550522800327268,6.313656047639631,-64.11226179565442,-12.555973811050448,4.147262925361007,-57.0,-12.462194629812785,11.48336964207045,57.5,11.75633118650058,12.527147813914615,-54.924989790667226,-18.106496611377715,-2.166393122278624,54.924989790667226,18.106496611377715,2.166393122278624,1844.3333333333333,-11.058367413896681,5.2672374843109155,6.781463404841031,-65.8553829944919,-13.965770733096107,5.007177033488849,-57.0,-14.103549663031446,11.895845666507673,57.55555555555555,12.980539970342091,13.719440518630934,-54.797015580595236,-19.233008217407022,-1.7742863713521835,54.797015580595236,19.233008217407022,1.7742863713521835
-56,1280.0,-12.215778107302766,4.628824368741134,7.825151126207303,-66.45615506145056,-14.511141393892755,7.484573178063741,-56.0,-15.252655058906692,13.13020900594401,56.666666666666664,14.834478552786692,13.821989841999203,-54.24037695414779,-19.13996576263389,-0.34057794814356274,54.24037695414779,19.13996576263389,0.34057794814356274,1858.0,-11.239513432288996,5.426354146210091,5.893841294819084,-64.73484341169544,-14.311329424127706,3.125842200233528,-56.0,-14.060767182919397,10.474757997947274,56.666666666666664,12.01687170776512,14.249736421797556,-53.49532997940644,-19.737683570337797,-2.7679990945855564,53.49532997940644,19.737683570337797,2.7679990945855564,2402.5,-8.94174948055563,5.510020537863153,6.39348912183042,-63.04974537171899,-12.366444109571407,4.205085837959179,-56.0,-12.490977263399307,11.304736050422601,56.5,11.81575047559178,12.469565785495073,-54.10799589116336,-17.87646464743456,-2.188403283871241,54.10799589116336,17.87646464743456,2.188403283871241,1846.8333333333333,-10.799013673382463,5.1883996842714595,6.704160514285602,-64.746914614955,-13.72963830919729,4.938500405418815,-56.0,-13.934799835075133,11.636567684771293,56.61111111111111,12.889033578714532,13.513764016430612,-53.947900941572534,-18.918037993468747,-1.765660108866787,53.947900941572534,18.918037993468747,1.765660108866787
-55,1283.5,-11.954194724507955,4.67093635196686,7.624285136608119,-65.06547412192495,-14.215988888159973,7.231843343555898,-55.0,-15.025750781006955,12.800145823804616,55.5,14.710876051539698,13.51876542976529,-53.111279397416986,-18.886925240126835,-0.39244179305222127,53.111279397416986,18.886925240126835,0.39244179305222127,1860.5,-10.915677292617621,5.206664512357095,5.690011638505441,-63.451403741343796,-14.019752164696051,3.0932709414041764,-55.0,-13.682417328314871,10.19296038249626,55.5,11.829570928245158,13.872314333154886,-52.53572644872617,-19.226416677053145,-2.5967406971012648,52.53572644872617,19.226416677053145,2.5967406971012648,2404.5,-8.723018097591627,5.491706645604597,6.457316987859234,-61.94528117123943,-12.176668814783739,4.244819562525405,-55.0,-12.528649957106149,11.120248146667972,55.5,11.889846806455047,12.411038295297475,-53.222263073647795,-17.668375460388337,-2.2124974253338294,53.222263073647795,17.668375460388337,2.2124974253338294,1849.5,-10.530963371572401,5.123102503309518,6.590537920990932,-63.48738634483606,-13.470803289213256,4.856644615828493,-55.0,-13.745606022142658,11.371118117656282,55.5,12.810097928746634,13.26737268607255,-52.95642297326365,-18.593905792522772,-1.7338933051624386,52.95642297326365,18.593905792522772,1.7338933051624386
-54,1287.0,-11.686912916766516,4.713778841957846,7.419608488725202,-63.69686757121931,-13.932601980206536,6.92891859234437,-54.0,-14.804493857418043,12.43092193204175,54.333333333333336,14.545299252669004,13.262419694254953,-52.00995465445279,-18.646380822164385,-0.4906898963808309,52.00995465445279,18.646380822164385,0.4906898963808309,1862.5,-10.65612615927451,5.028629238404447,5.511456311269124,-62.375329289991214,-13.79917159682621,3.1174010486793833,-54.0,-13.384329744222848,10.024137134792607,54.5,11.731370056753924,13.541136891934858,-51.71920313071671,-18.827800835230654,-2.394055262589741,51.71920313071671,18.827800835230654,2.394055262589741,2406.5,-8.52661896270814,5.497514680388544,6.487560057940957,-60.82261311666639,-11.983886362194042,4.258544800996821,-54.0,-12.55439864128469,10.938885496026305,54.5,11.967458827385842,12.33519294747994,-52.29599415395825,-17.481401042582586,-2.229015256944136,52.29599415395825,17.481401042582586,2.229015256944136,1852.0,-10.289886012916389,5.079974253583612,6.472874952645095,-62.29826999262564,-13.238553313075597,4.768288147340192,-54.0,-13.581074080975194,11.13131485428689,54.44444444444445,12.748042712269589,13.046249844556584,-52.008383979709244,-18.31852756665921,-1.7045868053049027,52.008383979709244,18.31852756665921,1.7045868053049027
-53,1290.0,-11.436388766236954,4.746145012895641,7.22901323596028,-62.506371783513266,-13.69048424454497,6.604572670141806,-53.0,-14.601847192352713,12.05826978784998,53.333333333333336,14.345385972280726,13.077866230623286,-51.069983017276314,-18.43662925744061,-0.6244405658184737,51.069983017276314,18.43662925744061,0.6244405658184737,1864.5,-10.392475609024006,4.862200017462593,5.339118134533422,-61.25926726292221,-13.588083013820903,3.165123692079584,-53.0,-13.111463005642804,9.88498086176256,53.5,11.671778366002044,13.213003997248443,-50.866791653898204,-18.450283031283497,-2.173994442453837,50.866791653898204,18.450283031283497,2.173994442453837,2408.5,-8.339874250909512,5.5174673138095764,6.476548860870509,-59.672945441167116,-11.79040488033429,4.251433468864328,-53.0,-12.55907086766613,10.763503373138072,53.5,12.044050868634882,12.233543545715527,-51.3330711902576,-17.307872194143865,-2.225115392006181,51.3330711902576,17.307872194143865,2.225115392006181,1854.3333333333333,-10.056246208723492,5.041937448055936,6.348226743788071,-61.14619482920086,-13.022990712900054,4.67370994369524,-53.0,-13.424127021887216,10.902251340916871,53.44444444444445,12.687071735639217,12.841471257862418,-51.08994862047737,-18.06492816095599,-1.6745168000928305,51.08994862047737,18.06492816095599,1.6745168000928305
-52,1293.0,-11.162167862454211,4.7798645043103045,6.971667285924617,-61.29865668901402,-13.430305124494447,6.2307574757423785,-52.0,-14.3306584734409,11.683266252450833,52.333333333333336,14.09569784722329,12.853803593724782,-50.136488826559805,-18.21016962880475,-0.7409098101822392,50.136488826559805,18.21016962880475,0.7409098101822392,1866.5,-10.12126865930175,4.710540715190775,5.189738377386547,-60.117102345799715,-13.383800740380241,3.22306700328289,-52.0,-12.872915583756422,9.755985799803778,53.0,11.637394975669265,12.908576473697586,-49.99583368649796,-18.09434145557102,-1.9666713741036568,49.99583368649796,18.09434145557102,1.9666713741036568,2410.5,-8.159557589399325,5.549581718485975,6.423486295307827,-58.491142079089926,-11.594168605105617,4.224052558505808,-52.0,-12.540746328323289,10.594104066018375,52.5,12.11774786119114,12.10430843798739,-50.3315844896906,-17.14375032359159,-2.199433736802019,50.3315844896906,17.14375032359159,2.199433736802019,1856.6666666666667,-9.814331370385096,5.013328979329018,6.1949639862063295,-59.96896703796788,-12.802758156660103,4.559292345843692,-52.0,-13.248106795173536,10.677785372757661,52.611111111111114,12.616946894694564,12.622229501803254,-50.154635667582795,-17.816087135989118,-1.6356716403626386,50.154635667582795,17.816087135989118,1.6356716403626386
-51,1296.0,-10.857981581880049,4.799309102852805,6.676448595325637,-60.0653568095287,-13.168660120856165,5.804510907058841,-51.0,-14.022118223894488,11.27381710632587,51.666666666666664,13.79031429575022,12.635936074971683,-49.20737522764865,-17.967969223708973,-0.8719376882667955,49.20737522764865,17.967969223708973,0.8719376882667955,1868.5,-9.841272073336205,4.58162425737601,5.071890901694117,-58.93747674415753,-13.190861635990743,3.276983807196433,-51.0,-12.686661250237716,9.620922818166216,52.0,11.629587364228131,12.649299700250552,-49.09620467082132,-17.772485893366753,-1.7949070944976846,49.09620467082132,17.772485893366753,1.7949070944976846,2412.5,-7.985204395752842,5.584623925400068,6.316976680697055,-57.3248831384679,-11.394255007938735,4.167239300953421,-51.0,-12.476170145056313,10.43209034900583,51.5,12.163623453003854,11.938778489696443,-49.33967874271505,-16.978878933338805,-2.149737379743634,49.33967874271505,16.978878933338805,2.149737379743634,1859.0,-9.561486016989699,4.988519095209628,6.021772059238937,-58.77590556405138,-12.584592254928546,4.416244671736232,-51.0,-13.061649873062839,10.442276757832639,51.72222222222222,12.5278417043274,12.408004754972893,-49.214419547061674,-17.573111350138177,-1.6055273875027047,49.214419547061674,17.573111350138177,1.6055273875027047
-50,1299.0,-10.545248317394185,4.7902517140910765,6.349792072355001,-58.81739766203285,-12.901050571233398,5.3400661386489725,-50.0,-13.670122440578071,10.827907241311815,50.666666666666664,13.427213179941644,12.419312098275975,-48.27214934463867,-17.691302285324475,-1.0097259337060287,48.27214934463867,17.691302285324475,1.0097259337060287,1870.5,-9.55180677156224,4.481769177927574,4.971122947663209,-57.73287490671356,-12.99338633147432,3.313249840615706,-50.0,-12.527429788409666,9.480222606265738,51.0,11.63172064304726,12.416474989333338,-48.18106813515132,-17.475155509401894,-1.6578731070475028,48.18106813515132,17.475155509401894,1.6578731070475028,2414.5,-7.8095066233773345,5.602322502438689,6.155144206311137,-56.16974923697485,-11.193260721540645,4.079701936515075,-50.0,-12.354690769602648,10.264274572086666,50.5,12.162793611281009,11.738437777415307,-48.36024261359752,-16.79558322397933,-2.0754422697960617,48.36024261359752,16.79558322397933,2.0754422697960617,1861.3333333333333,-9.302187237444587,4.958114464819113,5.8253530754431155,-57.57334060190709,-12.362565874749455,4.244339305259918,-50.0,-12.850747666196796,10.190801473221407,50.72222222222222,12.407242478089971,12.19140828834154,-48.2711533644625,-17.32068033956857,-1.5810137701831977,48.2711533644625,17.32068033956857,1.5810137701831977
-49,1302.5,-10.159070013138063,4.739113031345344,5.941536209833862,-57.36547685069339,-12.574760489249552,4.7896015594900625,-49.0,-13.198796578397756,10.297799117013213,49.5,12.947957225079538,12.150717534478769,-47.20640683755533,-17.313873520594896,-1.1519346503438006,47.20640683755533,17.313873520594896,1.1519346503438006,1873.0,-9.191035491206575,4.396948500508077,4.866802795629849,-56.2499562206058,-12.74051360773806,3.330612513241667,-49.0,-12.356841753524463,9.299013401765908,49.666666666666664,11.63668240292615,12.161616961831825,-47.058920729399226,-17.137462108246137,-1.5361902823881817,47.058920729399226,17.137462108246137,1.5361902823881817,2416.5,-7.629658175780842,5.61518509828664,5.937143535234701,-55.013747480226485,-10.99333585174201,3.9597979679837616,-49.0,-12.189143719955197,10.10054992208577,49.5,12.130429551510314,11.507646725816471,-47.38408930444564,-16.608520950028648,-1.9773455672509392,47.38408930444564,16.608520950028648,1.9773455672509392,1864.0,-8.993254560041828,4.917082210046687,5.581827513566137,-56.20972685050856,-12.102869982909874,4.026670680238497,-49.0,-12.581594017292472,9.89912081362163,49.55555555555555,12.238356393172003,11.939993740709022,-47.21647229046673,-17.019952192956563,-1.5551568333276407,47.21647229046673,17.019952192956563,1.5551568333276407
-48,1306.0,-9.757336957399136,4.6644020543053015,5.534387255324501,-55.89279920817319,-12.236002977316046,4.239904982684243,-48.0,-12.70574558700831,9.757055231366968,48.333333333333336,12.443862785992422,11.89176613139332,-46.13546225077405,-16.900405031621347,-1.2944822726402576,46.13546225077405,16.900405031621347,1.2944822726402576,1875.5,-8.825783698646706,4.351465166283203,4.783048997492411,-54.767333526683544,-12.478647199423383,3.3024653953815237,-48.0,-12.214832725080718,9.089804532376615,48.5,11.632697090643433,11.954075290585031,-45.941549828036834,-16.830112365706587,-1.480583602110888,45.941549828036834,16.830112365706587,1.480583602110888,2418.5,-7.443927928946375,5.633846012666021,5.665649263241182,-53.86089669667267,-10.786332880196742,3.803393277902299,-48.0,-11.981329399740316,9.946077809752087,48.5,12.068789849128219,11.24710076669017,-46.41696876772629,-16.42017889286276,-1.8622559853388827,46.41696876772629,16.42017889286276,1.8622559853388827,1866.6666666666667,-8.675682861664074,4.883237744418175,5.327695172019364,-54.840343143843135,-11.833661018978724,3.7819212186560223,-48.0,-12.300635903943116,9.597645857831889,48.44444444444445,12.048449908588026,11.69764739622284,-46.16466028217906,-16.716898763396898,-1.5457739533633428,46.16466028217906,16.716898763396898,1.5457739533633428
-47,1309.0,-9.413243315327655,4.562612962759075,5.179848751020943,-54.62220177523645,-11.926397996317741,3.7498009242480763,-47.0,-12.239496743304494,9.25584725743814,47.666666666666664,11.954115310910373,11.678624967555521,-45.20895845990879,-16.48901095907682,-1.4300478267728665,45.20895845990879,16.48901095907682,1.4300478267728665,1877.5,-8.50322593525425,4.321343101968415,4.712555805491139,-53.52204308224955,-12.256264631969742,3.2287404416196477,-47.0,-12.093354266364543,8.872734514169803,47.5,11.590856180831643,11.814418201588584,-45.0188171469953,-16.57760773393816,-1.483815363871491,45.0188171469953,16.57760773393816,1.483815363871491,2420.5,-7.255883902386406,5.6422239605626245,5.361462867565054,-52.73537487232321,-10.571193615844365,3.618905994797222,-47.0,-11.732455940812933,9.787835263120158,47.5,11.965041672096497,10.970587485240731,-45.479490969936805,-16.21341757640699,-1.7425568727678322,45.479490969936805,16.21341757640699,1.7425568727678322,1869.0,-8.390784384322771,4.842060008430038,5.084622474692378,-53.626539909936405,-11.58461874804395,3.532482453554982,-47.0,-12.02176898349399,9.305472344909367,47.55555555555555,11.836671054612838,11.487876884794945,-45.23575552561363,-16.426678756473986,-1.5521400211373966,45.23575552561363,16.426678756473986,1.5521400211373966
-46,1312.0,-9.07786770336206,4.470757345539009,4.788172133053098,-53.34243951054318,-11.607351527248317,3.2490689980930116,-46.0,-11.750542366893825,8.78345505562603,46.666666666666664,11.467941762493398,11.446428575345328,-44.26457180718112,-16.078108872787325,-1.5391031349600863,44.26457180718112,16.078108872787325,1.5391031349600863,1879.5,-8.182528744797828,4.297438191729862,4.640654788359887,-52.33208259454379,-12.024749580828495,3.1156394320014957,-46.0,-11.954812531339737,8.630599726647826,46.5,11.506625080596653,11.695450579958754,-44.14955384974597,-16.322187772558358,-1.5250153563583915,44.14955384974597,16.322187772558358,1.5250153563583915,2423.0,-7.0096178753952705,5.64274353917034,4.9727086238430935,-51.37365747385214,-10.303285962915693,3.3299287713314034,-46.0,-11.404361645457564,9.547689357094002,46.333333333333336,11.77402584417223,10.663699618437358,-44.36403959845686,-15.946029502086034,-1.6427798525116897,44.36403959845686,15.946029502086034,1.6427798525116897,1871.5,-8.090004774518386,4.80364635881307,4.800511848418693,-52.349393192979704,-11.311795690330834,3.231545733808637,-46.0,-11.703238847897042,8.987248046455953,46.5,11.582864229087427,11.268526257913813,-44.25938841846132,-16.115442049143905,-1.568966114610056,44.25938841846132,16.115442049143905,1.568966114610056
-45,1315.0,-8.733764345264523,4.366473489825492,4.372903346464774,-52.022521521634225,-11.26930686409211,2.781537109732105,-45.0,-11.227305011065909,8.355224462564378,45.666666666666664,10.99153343979502,11.171471289450045,-43.2887571763697,-15.635780353917601,-1.591366236732669,43.2887571763697,15.635780353917601,1.591366236732669,1881.5,-7.859874324481166,4.252669564843996,4.560980619489423,-51.17567498120394,-11.80971109321652,2.9667815685357963,-45.0,-11.804422389207216,8.350253344710497,46.0,11.37854956238349,11.60804563694117,-43.31580065672277,-16.062380658060516,-1.5941990509536268,43.31580065672277,16.062380658060516,1.5941990509536268,2425.5,-6.740365128728912,5.632508425190155,4.586999881412453,-50.03403298659165,-10.037393002689026,2.995237868592998,-45.0,-11.069941702116743,9.26690980799722,45.5,11.53483835967792,10.401164327097433,-43.29366785786274,-15.66990142787918,-1.591762012819455,43.29366785786274,15.66990142787918,1.591762012819455,1874.0,-7.7780012661582,4.750550493286547,4.50696128245555,-51.07740982980994,-11.03880365333255,2.9145188489536333,-45.0,-11.367223034129957,8.657462538424031,45.72222222222222,11.301640453952144,11.060227084496217,-43.29940856365173,-15.789354146619099,-1.592442433501917,43.29940856365173,15.789354146619099,1.592442433501917
-44,1318.0,-8.38734537241186,4.279083590396614,4.018017837792617,-50.673876392940194,-10.920979090683078,2.360699264947387,-44.0,-10.757270852580703,7.945282226379111,44.666666666666664,10.567043490541812,10.93511047335241,-42.28653102052834,-15.200062681079691,-1.6573185728452302,42.28653102052834,15.200062681079691,1.6573185728452302,1884.0,-7.448863625135097,4.159708838844598,4.466556380358323,-49.759903881396134,-11.544415908308272,2.7268249278080323,-44.0,-11.587814458040137,7.923426041573311,44.666666666666664,11.138352061791231,11.549526091538452,-42.31104025626104,-15.70412474715287,-1.7397314525502912,42.31104025626104,15.70412474715287,1.7397314525502912,2428.0,-6.440808119674364,5.603994274751245,4.228831703854916,-48.74019924435546,-9.77042034638813,2.618758970762224,-44.0,-10.73185855448302,8.932231817996099,44.333333333333336,11.237400188494297,10.202500669780678,-42.29939112468109,-15.374414621139374,-1.6100727330926918,42.29939112468109,15.374414621139374,1.6100727330926918,1876.6666666666667,-7.4256723724071065,4.6809289013308195,4.237801974001951,-49.724659839563934,-10.745271781793159,2.568761054505881,-44.0,-11.02564795503462,8.266980028649506,44.55555555555555,10.980931913609114,10.895712411557179,-42.29898746715682,-15.426200683123978,-1.6690409194960711,42.29898746715682,15.426200683123978,1.6690409194960711
-43,1320.5,-8.098492648681626,4.2183428879676566,3.805533867220018,-49.50667871789368,-10.611752016712547,2.027280919651173,-43.0,-10.422930009292863,7.563830755123789,43.5,10.235044146343073,10.811226675405088,-41.40818606921205,-14.830094904680205,-1.7782529475688449,41.40818606921205,14.830094904680205,1.7782529475688449,1886.5,-7.040218642114839,4.026642424918754,4.339011790459428,-48.324419048337745,-11.279284734270222,2.4284184417231875,-43.0,-11.320273500797786,7.433496824117184,43.5,10.823836914497054,11.509420216193956,-41.28420040622291,-15.305927159188975,-1.9105933487362403,41.28420040622291,15.305927159188975,1.9105933487362403,2430.5,-6.106357948392009,5.552210569479412,3.8824302362228127,-47.467874263718244,-9.507129973268121,2.1990155339961994,-43.0,-10.38189913417632,8.5456769769782,43.5,10.88358468149318,10.056367889175803,-41.36151631532624,-15.059340542747535,-1.6834147022266133,41.36151631532624,15.059340542747535,1.6834147022266133,1879.1666666666667,-7.081689746396158,4.5990652941219405,4.008991964634086,-48.43299067664989,-10.466055574750298,2.2182382984568534,-43.0,-10.708367548088988,7.847668185406391,43.5,10.64748858077777,10.792338260258282,-41.351300930253736,-15.065120868872237,-1.790753666177233,41.351300930253736,15.065120868872237,1.790753666177233
-42,1323.0,-7.8035867241944965,4.175114390524519,3.6964821109854955,-48.3078994144279,-10.3027287617823,1.7336745278278887,-42.0,-10.176276556385618,7.1538903383550405,42.666666666666664,9.954843386190051,10.776142812131303,-40.5043126902334,-14.477843152306818,-1.9628075831576066,40.5043126902334,14.477843152306818,1.9628075831576066,1888.5,-6.741915551541205,3.9164170841713526,4.207883514427192,-47.23270116755461,-11.085109637756855,2.1592589528522605,-42.0,-11.094615469841077,7.040004537773032,43.0,10.556892101345678,11.489266779322605,-40.490785616013405,-15.001526721928208,-2.0486245615749317,40.490785616013405,15.001526721928208,2.0486245615749317,2433.0,-5.730211392276068,5.460501852796052,3.5666103775084994,-46.215874004440245,-9.249696386068754,1.7521481170720097,-42.0,-10.02054921730359,8.099572315500788,42.666666666666664,10.47065771253085,9.971860645363142,-40.48566261216417,-14.710198238864805,-1.8144622604364897,40.48566261216417,14.710198238864805,1.8144622604364897,1881.5,-6.758571222670589,4.517344442497308,3.823658667640396,-47.25215819547426,-10.212511595202637,1.8816938659173863,-42.0,-10.430480414510095,7.4311557305429545,42.77777777777777,10.327464400022194,10.745756745605684,-40.493586972803655,-14.729856037699944,-1.9419648017230093,40.493586972803655,14.729856037699944,1.9419648017230093
-41,1325.5,-7.505084668710959,4.140410542709255,3.6621441001303916,-47.09160624565863,-9.978770087718708,1.486761926807132,-41.0,-9.971667741281799,6.735913961769614,42.0,9.70755961578086,10.782231232128236,-39.586521576947675,-14.119180630427962,-2.1753821733232597,39.586521576947675,14.119180630427962,2.1753821733232597,1891.0,-6.400294465392062,3.7922737975826006,4.014754431444383,-45.908234683119524,-10.854770541000784,1.757904026204809,-41.0,-10.8127726394021,6.522366409938577,41.666666666666664,10.204570642915005,11.502426664361176,-39.50794021772746,-14.647044338583385,-2.256850405239574,39.50794021772746,14.647044338583385,2.256850405239574,2436.0,-5.225393776444918,5.312614972939708,3.2657016362136666,-44.74318104342505,-8.928405467786495,1.1866408156536756,-41.0,-9.584289715767097,7.471325924468882,41.666666666666664,9.901419409676611,9.969288167092719,-39.51778726698013,-14.241020440726203,-2.079060820559991,39.51778726698013,14.241020440726203,2.079060820559991,1884.1666666666667,-6.37692430351598,4.4150997710771875,3.6475333892628137,-45.91434065740106,-9.920648698835329,1.4771022562218723,-41.0,-10.122910032150331,6.909868765392358,41.77777777777777,9.937849889457494,10.751315354527378,-39.537416353885085,-14.335748469912517,-2.170431133040942,39.537416353885085,14.335748469912517,2.170431133040942
-40,1328.0,-7.19021613805985,4.113090883075139,3.6737066377635377,-45.83871006566246,-9.646954264481499,1.2827992459018815,-40.0,-9.794797010495646,6.324639940647139,40.666666666666664,9.494329053726476,10.809190886308892,-38.64849392760261,-13.760045147556637,-2.3909073918616564,38.64849392760261,13.760045147556637,2.3909073918616564,1893.5,-6.061472477883417,3.688052730136052,3.7769707379593243,-44.55176111602579,-10.631661607645984,1.283467082432023,-40.0,-10.530103833053456,5.979613024574176,41.0,9.842732122820802,11.545806016887438,-38.49028863814237,-14.319714337782035,-2.4935036555273014,38.49028863814237,14.319714337782035,2.4935036555273014,2439.5,-4.572752723728785,5.126757754933593,3.0415019039984283,-43.05214587362882,-8.541446714602413,0.47877712730594535,-40.0,-9.118029463309078,6.60715706429927,40.5,9.177862183600261,10.135452039204493,-38.479393149900034,-13.668204469536008,-2.562724776692483,38.479393149900034,13.668204469536008,2.562724776692483,1887.0,-5.94148044655735,4.309300456048262,3.49739309324043,-44.48087235177235,-9.606687528909966,1.0150144852132834,-40.0,-9.81431010228606,6.303803343173528,40.72222222222222,9.504974453382514,10.830149647466941,-38.539391905215005,-13.915987984958226,-2.482378608027147,38.539391905215005,13.915987984958226,2.482378608027147
-39,1330.5,-6.870674697943214,4.083089376306724,3.704766138802107,-44.57212495284749,-9.300500275681355,1.126694716098168,-39.0,-9.611443836530878,5.939862383441286,40.0,9.299562389128091,10.818900884212383,-37.70145025490427,-13.383589651988078,-2.578071422703939,37.70145025490427,13.383589651988078,2.578071422703939,1896.0,-5.734247969009586,3.6149192349267345,3.5132449058278845,-43.19959606920443,-10.39812836832921,0.741162759348739,-39.0,-10.24770023251799,5.414251541476126,39.666666666666664,9.471358334224286,11.62529962557644,-37.465348100194845,-14.013047603255947,-2.772082146479146,37.465348100194845,14.013047603255947,2.772082146479146,2443.0,-3.865274877524461,4.933952796950712,2.947088212684965,-41.3653183172156,-8.123552505755947,-0.2540223580505323,-39.0,-8.683854563123697,5.626518824332737,39.333333333333336,8.408997863446471,10.447302672992345,-37.50004343969115,-13.05750530270666,-3.201110570735498,37.50004343969115,13.05750530270666,3.201110570735498,1889.8333333333333,-5.4900658481590865,4.210653802728057,3.3883664191049854,-43.04567977975584,-9.274060383255504,0.5379450391321249,-39.0,-9.514332877390855,5.660210916416716,39.666666666666664,9.059972862266283,10.963834394260388,-37.55561393159675,-13.484714185983561,-2.850421379972861,37.55561393159675,13.484714185983561,2.850421379972861
-38,1333.0,-6.564070164422312,4.049495526909539,3.728032971606027,-43.3661071631579,-8.971951675514088,1.0231189344260603,-38.0,-9.425344507550138,5.618969916084141,38.666666666666664,9.136134812222936,10.795839998164913,-36.80203699873559,-13.021447202423628,-2.7049140371799667,36.80203699873559,13.021447202423628,2.7049140371799667,1898.5,-5.412054783004402,3.5701004934066933,3.248214643970904,-41.86575009498573,-10.156388903705036,0.15024704414229895,-38.0,-9.979081563588615,4.825843282735855,39.0,9.098223482528716,11.750357065918202,-36.45369531198133,-13.72648939711173,-3.097967599828605,36.45369531198133,13.72648939711173,3.097967599828605,2446.0,-3.2372462722484134,4.784803342604039,2.9336493030342687,-39.872270151077764,-7.739981444194896,-0.8246523479374357,-38.0,-8.341053638654541,4.797313038465606,38.666666666666664,7.798972995005393,10.744673798046463,-36.635023878829344,-12.524784786798934,-3.7583016509717044,36.635023878829344,12.524784786798934,3.7583016509717044,1892.5,-5.07112373989171,4.13479978764009,3.3032989728703996,-41.7013758030738,-8.956107341138006,0.11623787687697451,-38.0,-9.248493236597765,5.080708745761868,38.77777777777777,8.67777709658568,11.096956954043193,-36.63025206318209,-13.090907128778097,-3.187061095993425,36.63025206318209,13.090907128778097,3.187061095993425
-37,1335.5,-6.2389446912076965,4.017850466894519,3.7180649806404356,-42.056462793627745,-8.620154392849093,0.9725648966353546,-37.0,-9.207902833723242,5.361620669608629,37.5,9.004033560195701,10.697847478347533,-35.81751810242004,-12.638004859743612,-2.745500084005081,35.81751810242004,12.638004859743612,2.745500084005081,1901.0,-5.080285118363395,3.539132370344403,3.00278848790969,-40.54643114739546,-9.87792113421115,-0.4825781537851472,-37.0,-9.696623794959502,4.19481310171683,37.666666666666664,8.692431041355889,11.92134606653986,-35.46614602903207,-13.417053504555552,-3.4853666416948372,35.46614602903207,13.417053504555552,3.4853666416948372,2449.0,-2.590859602535481,4.657129309871787,2.9791476281258533,-38.32527876436399,-7.215937883331354,-1.266333706220297,-37.0,-7.913103790573483,4.05197938037869,37.666666666666664,7.197535212772472,10.937621038453623,-35.73441916182852,-11.873067193203141,-4.24548133434615,35.73441916182852,11.873067193203141,4.24548133434615,1895.1666666666667,-4.636696470702191,4.071370715703569,3.233333698891993,-40.30939090179573,-8.571337803463866,-0.25878232112336325,-37.0,-8.939210139752076,4.536137717234716,37.61111111111111,8.29799993810802,11.185604861113672,-35.67269443109354,-12.642708519167435,-3.492116020015356,35.67269443109354,12.642708519167435,3.492116020015356
-36,1337.5,-5.97950515353827,3.9992519270601097,3.694483408464019,-40.988802908869644,-8.333335320360264,0.9742644603176434,-36.0,-9.025375027440424,5.210004542300025,37.0,8.926850698761584,10.574145083200104,-35.009297755331374,-12.332587247420374,-2.7202189481463757,35.009297755331374,12.332587247420374,2.7202189481463757,1903.5,-4.740540788470743,3.5091317356466707,2.7765899799220466,-39.25201021134707,-9.566201203849392,-1.1589172810343786,-36.0,-9.390913094560565,3.5120614997168564,37.0,8.240073411884502,12.139691721248427,-34.511469422876324,-13.075332939496064,-3.9355072609564252,34.511469422876324,13.075332939496064,3.9355072609564252,2451.5,-2.0511732821842377,4.5683606078892565,3.1051730054292146,-37.005379630731326,-6.759344170307429,-1.4359556798059518,-36.0,-7.602330427116966,3.56125135902722,36.5,6.826401839625827,11.033834592160073,-34.95420634854709,-11.327704778196686,-4.541128685235167,34.95420634854709,11.327704778196686,4.541128685235167,1897.5,-4.257073074731083,4.025581423532013,3.19208213127176,-39.082064250316016,-8.219626898172363,-0.5402028335075624,-36.0,-8.672872849705984,4.094439133681367,36.833333333333336,7.997775316757305,11.249223798869536,-34.824991175584934,-12.245208321704375,-3.7322849647793226,34.824991175584934,12.245208321704375,3.7322849647793226
-35,1340.0,-5.659971981169491,3.9658668017145295,3.6700970654243696,-39.63521096598247,-7.978507076047083,1.027825324508613,-35.0,-8.795996522554898,5.056306199644218,35.666666666666664,8.852451663134143,10.392481693728174,-33.97523898481298,-11.944373877761612,-2.6422717409157563,33.97523898481298,11.944373877761612,2.6422717409157563,1906.0,-4.393380126429736,3.481123791626144,2.550953088148431,-37.97294466622468,-9.066306651993477,-1.9337323388116279,-35.0,-8.900863740806436,2.7310901865771844,36.0,7.593934597398843,12.349081409742213,-33.579564539794944,-12.54743044361962,-4.484685426960059,33.579564539794944,12.54743044361962,4.484685426960059,2454.0,-1.4953353126882716,4.479290675814783,3.2884276327425788,-35.634402625490644,-6.248813721788657,-1.3926935247901995,-35.0,-7.268690116473768,3.225635370254919,35.666666666666664,6.542212196293252,10.999394512475725,-34.139067312802375,-10.728104397603438,-4.681121157532778,34.139067312802375,10.728104397603438,4.681121157532778,1900.0,-3.8495624734291667,3.9754270897184854,3.169825928771793,-37.747519419232596,-7.764542483276405,-0.766200179697738,-35.0,-8.3218501266117,3.671010585492107,35.77777777777777,7.662866152275413,11.246985871982039,-33.897956945803436,-11.73996957299489,-3.9360261084695316,33.897956945803436,11.73996957299489,3.9360261084695316
-34,1342.5,-5.350129350061852,3.960642809460996,3.6747916893421513,-38.30613568578708,-7.51124519027225,1.0747690446270308,-34.0,-8.489199348861263,4.885084205469758,34.5,8.701552508320173,10.187365921583039,-32.956006335725235,-11.471887999733246,-2.6000226447151205,32.956006335725235,11.471887999733246,2.6000226447151205,1908.5,-4.04325608620285,3.440851322977837,2.3164060459525135,-36.71053156309468,-8.430336074964426,-2.7326925239395106,-34.0,-8.261005563557966,1.927706574611899,35.0,6.823239665984746,12.513500958082282,-32.66727547689183,-11.871187397942265,-5.049098569892024,32.66727547689183,11.871187397942265,5.049098569892024,2456.5,-0.9390970829791849,4.393005661328974,3.509494679620878,-34.22747531046281,-5.898674317712647,-1.0853023602132774,-34.0,-7.113764928061746,3.120399659081868,35.0,6.538607880501954,10.88739441907773,-33.288378227483626,-10.291679979041621,-4.594797039834155,33.288378227483626,10.291679979041621,4.594797039834155,1902.5,-3.444160839747962,3.9314999312559356,3.166897471638514,-36.41471418644819,-7.280085194316442,-0.9144086131752523,-34.0,-7.9546566134936585,3.311063479721175,34.833333333333336,7.354466684935624,11.196087099581016,-32.97055334670023,-11.211585125572379,-4.081306084813767,32.97055334670023,11.211585125572379,4.081306084813767
-33,1344.5,-5.101836330283884,3.9673246693529087,3.6761923206308897,-37.2530505266313,-7.049336210524241,1.101072553669776,-33.0,-8.159831465367322,4.742602573985099,33.5,8.504635060961176,9.988211165566762,-32.15121419634742,-11.016660879877149,-2.5751197669611137,32.15121419634742,11.016660879877149,2.5751197669611137,1911.0,-3.6968740548355297,3.425719791714449,2.078116006490444,-35.41706278108641,-7.993886071039206,-3.3406100399743477,-33.0,-7.846149385690059,1.3377143427900213,34.0,6.365475367631984,12.65815432196508,-31.720188726250882,-11.419605862753656,-5.4187260464647915,31.720188726250882,11.419605862753656,5.4187260464647915,2459.0,-0.4056999924647304,4.317990932837044,3.7387103937398796,-32.82361704859783,-5.593125443051609,-0.5850512016532173,-33.0,-7.008724101432257,3.2014029658880125,33.666666666666664,6.679500210167983,10.64960946378313,-32.4179170561331,-9.911116375888653,-4.323761595393097,32.4179170561331,9.911116375888653,4.323761595393097,1904.8333333333333,-3.068136792528048,3.903678464634801,3.1643395736204045,-35.16457678543852,-6.8787825748716855,-0.9415295626525962,-33.0,-7.671568317496546,3.0939066275543774,33.72222222222222,7.183203546253715,11.098658317104992,-32.09643999291047,-10.782461039506487,-4.105869136273,32.09643999291047,10.782461039506487,4.105869136273
-32,1346.5,-4.844339053084479,3.976313767997472,3.686565271314204,-36.17543596337324,-6.6727857723390835,1.1795208594431221,-32.0,-7.921289071983455,4.644152158396029,33.0,8.40425105408971,9.809499651434894,-31.33109691028876,-10.649099540336556,-2.5070444118710817,31.33109691028876,10.649099540336556,2.5070444118710817,1913.5,-3.3523379879756825,3.4293103812349957,1.8348695792249279,-34.072835430758744,-7.572129530249354,-3.8194956623468954,-32.0,-7.471355176759332,0.8848532463789276,33.0,6.032848267985964,12.722441003716042,-30.720497442783056,-11.00143991148435,-5.654365241571823,30.720497442783056,11.00143991148435,5.654365241571823,2462.0,0.2322745644635474,4.240403168474414,4.004988443212335,-31.118124147774342,-5.228758592815191,0.168498054805046,-32.0,-6.880666995545762,3.4570317383256035,32.666666666666664,6.927242235537546,10.224458053869547,-31.35039871223789,-9.469161761289605,-3.8364903884072894,31.35039871223789,9.469161761289605,3.8364903884072894,1907.3333333333333,-2.6548008255322046,3.8820091059022936,3.175474431250489,-33.78879851396878,-6.4912246318012095,-0.8238255826995758,-32.0,-7.424437081429517,2.9953457143668536,32.888888888888886,7.121447185871073,10.918799569673496,-31.13399768843657,-10.373233737703503,-3.9993000139500654,31.13399768843657,10.373233737703503,3.9993000139500654
-31,1349.0,-4.509129071401262,3.9864396506959365,3.697462432465265,-34.7871159567115,-6.289472776731016,1.3238358829868144,-31.0,-7.707596448446968,4.5632996142894315,31.666666666666668,8.36991729817818,9.600761068206294,-30.27798688531024,-10.275912427426952,-2.3736265494784505,30.27798688531024,10.275912427426952,2.3736265494784505,1915.5,-3.078700102523906,3.4457537983003528,1.6712333905227643,-32.97096154748482,-7.251206041939961,-4.065323789622111,-31.0,-7.223154531758951,0.6365868058730024,32.0,5.8805977984637465,12.713208777808187,-29.892261444960916,-10.696959840240314,-5.736557180144875,29.892261444960916,10.696959840240314,5.736557180144875,2464.5,0.7597734785565722,4.187168212158064,4.210338089915356,-29.689984211302622,-4.928271335591212,0.8372187531321096,-31.0,-6.768733238816369,3.7252490016964512,31.5,7.148016732015339,9.815127093504113,-30.449757689859197,-9.115439547749276,-3.3731193367832466,30.449757689859197,9.115439547749276,3.3731193367832466,1909.6666666666667,-2.2760185651228655,3.873120553718118,3.1930113043011286,-32.48268723849964,-6.156316718087396,-0.6347563845010624,-31.0,-7.233161406340763,2.975045140619628,31.722222222222225,7.1328439428857555,10.70969897983953,-30.206668673376782,-10.029437271805515,-3.8277676888021914,30.206668673376782,10.029437271805515,3.8277676888021914
-30,1351.5,-4.161222418066577,4.003159878167473,3.7170483702820474,-33.38800482797694,-5.9080543582374965,1.464841442559135,-30.0,-7.5013947041941496,4.472478552562167,30.5,8.331988508302949,9.409811645726705,-29.226782409910363,-9.91121423640497,-2.2522069277229124,29.226782409910363,9.91121423640497,2.2522069277229124,1918.0,-2.72408293507995,3.49477452301697,1.4956566584838502,-31.566575141007736,-6.860911170479507,-4.1936635416329695,-30.0,-6.968209720186302,0.4916812438423663,30.666666666666668,5.826731328958132,12.596646878919062,-28.842492205927787,-10.355685693496476,-5.68932020011682,28.842492205927787,10.355685693496476,5.68932020011682,2466.5,1.1744651378761954,4.152331025107542,4.377217320532948,-28.533677631104577,-4.674604169715904,1.353729516949402,-30.0,-6.669232847039407,3.9156195457889353,30.5,7.298181020021012,9.497292521413668,-29.70814276898077,-8.826935194823445,-3.023487803583546,29.70814276898077,8.826935194823445,3.023487803583546,1912.0,-1.9036134050901108,3.8834218087639947,3.1966407830996153,-31.162752533363086,-5.81452323281097,-0.45836419404147755,-30.0,-7.046279090473287,2.959926447397823,30.555555555555557,7.152300285760698,10.501250348686478,-29.259139128272977,-9.697945041574963,-3.655004977141093,29.259139128272977,9.697945041574963,3.655004977141093
-29,1353.5,-3.8630791065824686,4.029859810765046,3.7465185373025403,-32.2473644567465,-5.602802996840731,1.5824734617317509,-29.0,-7.351378101982389,4.3961102379598795,29.5,8.309845872869705,9.271439241170778,-28.384285350164035,-9.632662807605778,-2.1640450755707894,28.384285350164035,9.632662807605778,2.1640450755707894,1920.5,-2.360011731444334,3.565451684967897,1.387060380547646,-30.131021469601762,-6.479850424789024,-4.127507422151677,-29.0,-6.77964005247499,0.486848087106039,30.0,5.90368486277673,12.394291760581853,-27.771009738157424,-10.045302109756921,-5.514567802699323,27.771009738157424,10.045302109756921,5.514567802699323,2469.0,1.6775897268012974,4.131936989279054,4.593205695559756,-27.04173714422518,-4.338816431400345,1.9566849628983818,-29.0,-6.54794872287967,4.098415302206716,29.666666666666668,7.459936836148581,9.138403492404374,-28.719326871026478,-8.470753420679399,-2.636520732661374,28.719326871026478,8.470753420679399,2.636520732661374,1914.3333333333333,-1.5151670370751684,3.9090828283373327,3.242261537803314,-29.80670769019115,-5.473823284343367,-0.19611633250718138,-29.0,-6.89298895911235,2.9937912090908783,29.722222222222225,7.224489190598338,10.268044831385668,-28.291540653115977,-9.3829061126807,-3.4383778703104952,28.291540653115977,9.3829061126807,3.4383778703104952
-28,1355.5,-3.563873516371604,4.063903415562116,3.7799062659552503,-31.107268394747415,-5.293265010260319,1.7030069725370565,-28.0,-7.20202805996946,4.320254027216527,28.5,8.285963205746032,9.13627579915013,-27.54339487837581,-9.357168425822437,-2.076899293418194,27.54339487837581,9.357168425822437,2.076899293418194,1922.5,-2.0565633811033415,3.6100496735060412,1.3582284793201311,-28.950534973215223,-6.176392704543881,-3.9255069070207327,-28.0,-6.650452699764418,0.5677945334844643,29.0,6.0274711244469374,12.166331208268835,-26.893971592111882,-9.786442378049923,-5.283735386340864,26.893971592111882,9.786442378049923,5.283735386340864,2471.5,2.152385934184418,4.128986050419611,4.816112989705163,-25.517555595671393,-3.9946190147485736,2.493929585494011,-28.0,-6.433427016741053,4.199787907886252,28.5,7.587781205794569,8.844496359165511,-27.669941529855812,-8.123605065168185,-2.322183404211151,27.669941529855812,8.123605065168185,2.322183404211151,1916.5,-1.1560169877635091,3.934313046495923,3.318082578326848,-28.525119654544678,-5.1547589098509246,0.0904765503367783,-28.0,-6.761969258824977,3.0292788228624143,28.666666666666668,7.300405178662513,10.049034455528158,-27.369102666781163,-9.089071956346848,-3.22760602799007,27.369102666781163,9.089071956346848,3.22760602799007
-27,1358.0,-3.184086283371737,4.116571880104071,3.826748468818715,-29.65889959787134,-4.891938316206969,1.8477822923228853,-27.0,-7.009867330778195,4.211457918150721,27.666666666666668,8.244477094273156,8.979203033659893,-26.474813314499603,-9.00851019631104,-1.97896617649583,26.474813314499603,9.00851019631104,1.97896617649583,1924.5,-1.7429523793878647,3.652968664898144,1.3652458854318585,-27.753585943761223,-5.866089247467053,-3.6120510629327516,-27.0,-6.528832188947999,0.7224707103161703,28.0,6.1893382815930105,11.874067831644444,-26.010633564373357,-9.519057912365197,-4.977296948364611,26.010633564373357,9.519057912365197,4.977296948364611,2473.5,2.500428435378084,4.124361808699184,4.999478734095142,-24.299284914672945,-3.711148181106693,2.859661780609585,-27.0,-6.328191639341027,4.20011638094552,27.5,7.638914110971488,8.670023848861698,-26.79971335005103,-7.835509989805876,-2.1398169534855564,26.79971335005103,7.835509989805876,2.1398169534855564,1918.6666666666667,-0.8088700757938391,3.9646341179004665,3.3971576961152388,-27.237256818768504,-4.823058581593571,0.36513100333323956,-27.0,-6.6222970530224075,3.044681669804137,27.722222222222225,7.357576495612552,9.841098238055345,-26.428386742974663,-8.787692699494038,-3.032026692781999,26.428386742974663,8.787692699494038,3.032026692781999
-26,1360.5,-2.8048663285442728,4.159884372236842,3.8678760115449276,-28.20141346899831,-4.469486191695264,1.9880912577934913,-26.0,-6.782037471382729,4.092428635893615,26.5,8.165588953084747,8.818808217622035,-25.39654714045404,-8.629370563932106,-1.8797847537514365,25.39654714045404,8.629370563932106,1.8797847537514365,1926.5,-1.4169771860609757,3.6999147368733274,1.4030054635153164,-26.545175178572784,-5.558703298986542,-3.205512207181652,-26.0,-6.4244764956302385,0.9406906743335464,27.0,6.38787542048605,11.530167928805113,-25.128197992511804,-9.25861803585987,-4.608517670696968,25.128197992511804,9.25861803585987,4.608517670696968,2475.5,2.8315924423564347,4.138868579699663,5.183878369997516,-23.061938170348235,-3.4152747693307752,3.1754589810671634,-26.0,-6.223489030621914,4.14609851062658,26.5,7.667811765259048,8.540958861364238,-25.89353061270467,-7.554143349030438,-2.0084193889303528,25.89353061270467,7.554143349030438,2.0084193889303528,1920.8333333333333,-0.46341702408293806,3.999555896269944,3.484919948352587,-25.93617560597311,-4.481154753337527,0.6526793438930009,-26.0,-6.476667665878293,3.059739273617914,26.666666666666668,7.407092046276614,9.629978335930462,-25.472758581890172,-8.480710649607472,-2.8322406044595856,25.472758581890172,8.480710649607472,2.8322406044595856
-25,1362.5,-2.5084458396183162,4.200916783848708,3.8844431014151013,-27.034745847817284,-4.121534421865349,2.0813913914050266,-25.0,-6.585755225239863,3.991102694255271,25.5,8.085585970138963,8.694493165220837,-24.52630000819897,-8.322451205714056,-1.8030517100100747,24.52630000819897,8.322451205714056,1.8030517100100747,1928.5,-1.082070739901083,3.7576688211619604,1.4984602502013227,-25.323233988254287,-5.246667901964848,-2.7164165286191686,-25.0,-6.346752032725767,1.187759701106859,26.0,6.615698889344602,11.166811029707537,-24.241163248353203,-9.004336723126809,-4.214876778820491,24.241163248353203,9.004336723126809,4.214876778820491,2477.5,3.1733632415162503,4.164006984376867,5.421422791155514,-21.753362076505116,-3.108549682956011,3.4646755740161446,-25.0,-6.136660284748047,4.0026736984515505,25.5,7.68244204977853,8.493422814257517,-24.92672531802137,-7.2725566673328785,-1.95674721713937,24.92672531802137,7.2725566673328785,1.95674721713937,1922.8333333333333,-0.1390511126677163,4.040864196462512,3.601442047590646,-24.703780637525565,-4.158917335595402,0.9432168122673342,-25.0,-6.35638918090456,3.0605120312712266,25.666666666666668,7.4612423030873645,9.45157566972863,-24.56472952485785,-8.199781532057914,-2.6582252353233122,24.56472952485785,8.199781532057914,2.6582252353233122
-24,1364.5,-2.210276402767038,4.264212627198516,3.8904934799455124,-25.854973370734818,-3.77204427631144,2.169970367962396,-24.0,-6.4023897635320415,3.8987601252516,24.5,8.020158243260983,8.571337885790456,-23.644696967967782,-8.036256903509956,-1.7205231119831166,23.644696967967782,8.036256903509956,1.7205231119831166,1930.5,-0.743831056450496,3.812309202569508,1.666197274973316,-24.10196927203065,-4.928086960612783,-2.162770318056519,-24.0,-6.2831412698522255,1.426518683651231,25.0,6.844107041395034,10.811375739264648,-23.358138215580155,-8.74039616318229,-3.828967593029835,23.358138215580155,8.74039616318229,3.828967593029835,2479.5,3.515353950354958,4.200113189814881,5.668984368171672,-20.48250294371032,-2.8253661242241104,3.689238232532044,-24.0,-6.072739230588139,3.793501045172707,24.5,7.685445900174685,8.52362385815438,-23.99785689406528,-7.025479314038992,-1.979746135639628,23.99785689406528,7.025479314038992,1.979746135639628,1924.8333333333333,0.18708216371247474,4.092211673194302,3.7418917076968334,-23.479815195491927,-3.8418324537161115,1.2321460941459736,-24.0,-6.252756754657469,3.0395932846918456,24.666666666666668,7.516570394943567,9.302112494403161,-23.66689735920441,-7.934044126910414,-2.50974561355086,23.66689735920441,7.934044126910414,2.50974561355086
-23,1366.5,-1.907117517969099,4.341943412136436,3.920871301546068,-24.668285532307863,-3.4228053552703606,2.2399355551576337,-23.0,-6.239479802067622,3.767001579946721,23.5,7.956487091065212,8.496875048412434,-22.761168014338764,-7.764748767406797,-1.6809357463884345,22.761168014338764,7.764748767406797,1.6809357463884345,1933.0,-0.31069983613902535,3.8703466046554844,1.9518870235611978,-22.613551871616192,-4.523326129081534,-1.4149108674298123,-23.0,-6.199217516177921,1.7069478221042758,23.666666666666668,7.097393381486047,10.379373377023434,-22.30285203547717,-8.393672733737018,-3.3667978909910103,22.30285203547717,8.393672733737018,3.3667978909910103,2481.5,3.8618879661154617,4.2480910093022874,5.956785919362344,-19.260189444858042,-2.5541899977936438,3.8740102683799638,-23.0,-6.0318988459523855,3.518659476910363,23.5,7.679254925800457,8.633007631514118,-23.122077410973503,-6.802281007095932,-2.08277565098238,23.122077410973503,6.802281007095932,2.08277565098238,1927.0,0.5480235373357791,4.153460342031402,3.943181414823203,-22.1806756162607,-3.5001071607151797,1.5663449853692617,-23.0,-6.1568653880659765,2.9975362929871197,23.555555555555557,7.577711799450572,9.16975201898333,-22.72869915359648,-7.653567502746582,-2.3768364294539412,22.72869915359648,7.653567502746582,2.3768364294539412
-22,1368.5,-1.5915440600790374,4.4368553847595535,3.9613772039869994,-23.488028523264106,-3.0749862514426933,2.3027728846932805,-22.0,-6.092437009355601,3.6254589298740605,22.5,7.900363310878918,8.444763840634398,-21.896484463185068,-7.511841636202247,-1.6586043192937192,21.896484463185068,7.511841636202247,1.6586043192937192,1935.5,0.12473532119959374,3.93151959270995,2.287554767599703,-21.17371474851329,-4.117540662702156,-0.6494891388013535,-22.0,-6.115725890628403,1.9614373783014827,22.5,7.319507625264475,9.971603438962156,-21.298450069712885,-8.049060255412106,-2.9370439064010565,21.298450069712885,8.049060255412106,2.9370439064010565,2483.5,4.212575348715625,4.292555044592115,6.23599625920807,-18.06650888248197,-2.290578524541426,4.030436077230667,-22.0,-5.978520781016665,3.2246353770412663,22.5,7.6542264943284435,8.762781973722838,-22.279084231197594,-6.58313356913354,-2.2055601819774027,22.279084231197594,6.58313356913354,2.2055601819774027,1929.1666666666667,0.9152555366120603,4.220310007353873,4.161642743598257,-20.909417384753123,-3.1610351462287585,1.894573274374198,-22.0,-6.06222789366689,2.9371772284056035,22.5,7.624699143490612,9.05971641777313,-21.82467292136518,-7.3813451535826315,-2.2670694692240594,21.82467292136518,7.3813451535826315,2.2670694692240594
-21,1371.0,-1.179158389629549,4.551596265813291,4.035321377597295,-22.040683129446645,-2.651885515398647,2.417009047537762,-21.0,-5.915055738926284,3.465283620186821,21.666666666666668,7.836373402661671,8.378119218521727,-20.861524739817096,-7.203481781211939,-1.6183123300595337,20.861524739817096,7.203481781211939,1.6183123300595337,1937.5,0.49666809139912604,3.979595565428262,2.5788474424911696,-20.01230176103965,-3.7792199294089808,-0.037245917918935056,-21.0,-6.029502759762277,2.1393816662123033,21.5,7.458092212323431,9.65981772906903,-20.508969852438774,-7.758815494837243,-2.6160933604101047,20.508969852438774,7.758815494837243,2.6160933604101047,2486.0,4.661273041534261,4.350461424451702,6.551303288437844,-16.639931509387782,-1.9786185816099493,4.14427854966855,-21.0,-5.899517585031404,2.819954746560542,21.666666666666668,7.593359655276363,8.970991952033506,-21.30120455092204,-6.329080006061652,-2.407024738769295,21.30120455092204,6.329080006061652,2.407024738769295,1931.5,1.3262609144346127,4.293884418564418,4.388490702842103,-19.564305466624692,-2.803241342139192,2.174680559762459,-21.0,-5.9480253612399885,2.808206677653222,21.611111111111114,7.629275090087155,9.002976299874755,-20.8905663810593,-7.097125760703611,-2.2138101430796446,20.8905663810593,7.097125760703611,2.2138101430796446
-20,1373.5,-0.7459313700196393,4.657537780618582,4.160725158571406,-20.59674191940962,-2.248176776565292,2.5973576515782923,-20.0,-5.758084629496288,3.319056535888412,20.5,7.7939302246543996,8.313169224241307,-19.850810549389983,-6.905714557183874,-1.563367506993114,19.850810549389983,6.905714557183874,1.563367506993114,1940.0,0.9897670669804954,4.023204953008864,2.96969363165917,-18.57505603929742,-3.350432404299387,0.7129215068393749,-20.0,-5.889502283955238,2.3173143418497157,20.666666666666668,7.567953252236791,9.303073466108236,-19.564823106277917,-7.373637357308251,-2.256772124819795,19.564823106277917,7.373637357308251,2.256772124819795,2488.5,5.094389026433415,4.397389804814655,6.820874829760519,-15.270346838488575,-1.6843170330002495,4.186140554731803,-20.0,-5.797056607940503,2.387876209605183,20.5,7.501927512540366,9.208396517737292,-20.36473586492199,-6.081706837814905,-2.634734275028716,20.36473586492199,6.081706837814905,2.634734275028716,1934.0,1.7794082411314236,4.359377512814034,4.650431206663698,-18.147381599065202,-2.4276420712883096,2.498806571049823,-20.0,-5.814881173797343,2.674749029114437,20.555555555555557,7.621270329810518,8.941546402695613,-19.92678984019663,-6.787019584102343,-2.151624635613875,19.92678984019663,6.787019584102343,2.151624635613875
-19,1376.0,-0.3130913699835712,4.747061448448339,4.322770084718922,-19.21432654012217,-1.873268388698694,2.8940475618897747,-19.0,-5.611980586357338,3.257026559111079,19.333333333333332,7.781520195129193,8.184532532177904,-18.901235170138595,-6.620329837147033,-1.4287225228291474,18.901235170138595,6.620329837147033,1.4287225228291474,1942.5,1.4698551426671929,4.057470841421635,3.3719666246963516,-17.241337472913123,-2.9506755958247988,1.3912136096942058,-19.0,-5.748213613222772,2.4236737228445175,19.5,7.627600203986099,9.025716682780608,-18.711192615580316,-7.008146437246434,-1.9807530150021457,18.711192615580316,7.008146437246434,1.9807530150021457,2491.0,5.495621732862976,4.434459114374171,7.017923484044303,-13.941868699452352,-1.4276662634125665,4.241559688488214,-19.0,-5.68661922851616,2.033527636822534,19.666666666666668,7.435952024433177,9.378620450615964,-19.43749043231533,-5.862125377786737,-2.776363795556089,19.43749043231533,5.862125377786737,2.776363795556089,1936.5,2.2174618351821995,4.412997134748049,4.904220064486526,-16.79917757082921,-2.0838700826453533,2.842273620024065,-19.0,-5.682271142698757,2.5714093062593766,19.5,7.615024141182823,8.862956555191493,-19.01663940601141,-6.496867217393401,-2.0619464444624604,19.01663940601141,6.496867217393401,2.0619464444624604
-18,1378.5,0.1249639014768964,4.820491044955054,4.54236998680903,-17.889030444451834,-1.5253496668578903,3.3228705407858197,-18.0,-5.481628836609561,3.276876565094474,18.5,7.800083778613846,7.993088599101039,-18.013994345928733,-6.3458407118129445,-1.2194994460232107,18.013994345928733,6.3458407118129445,1.2194994460232107,1945.0,1.9581731016835897,4.080644442249292,3.7950994613594258,-15.963201342579836,-2.586068113239073,2.024609073523233,-18.0,-5.6155047192412,2.4708143728544893,18.666666666666668,7.658356660711127,8.817445068503313,-17.921374444263424,-6.666712555488364,-1.7704903878361928,17.921374444263424,6.666712555488364,1.7704903878361928,2493.5,5.882510624972792,4.480778756402553,7.160776057697889,-12.634334284573407,-1.210547657572262,4.391009404242169,-18.0,-5.598766238357122,1.8271518945813559,19.0,7.442921045154856,9.421872861469929,-18.5168449095462,-5.691326413974815,-2.7697666534557204,18.5168449095462,5.691326413974815,2.7697666534557204,1939.0,2.655215876044426,4.4606380812023,5.166081835288781,-15.495522023868359,-1.7739884792230753,3.2461630061837408,-18.0,-5.5652999314026275,2.5249476108434394,18.722222222222225,7.633787161493276,8.744135509691427,-18.150737899912787,-6.234626560425375,-1.9199188291050413,18.150737899912787,6.234626560425375,1.9199188291050413
-17,1381.0,0.5824650995589088,4.8869672351784486,4.798853884419671,-16.62924051709876,-1.1984871762708043,3.882051778965403,-17.0,-5.359178257855606,3.4052190013097303,17.666666666666668,7.843026373817722,7.712762342268971,-17.21170561665767,-6.085454411449253,-0.9168021054542684,17.21170561665767,6.085454411449253,0.9168021054542684,1948.0,2.5394124126170747,4.088675689188038,4.303493719733667,-14.50914069981067,-2.182937360961589,2.733305027736467,-17.0,-5.446882192228138,2.481725513681477,17.666666666666668,7.654313156418152,8.621215838165696,-17.048553112427744,-6.271613050149626,-1.5701886919972006,17.048553112427744,6.271613050149626,1.5701886919972006,2496.0,6.238642184486402,4.5306841295342455,7.261846555734167,-11.379865330667462,-1.016888768331112,4.68003314867145,-17.0,-5.516760879489081,1.8044713985779162,17.666666666666668,7.509849121950308,9.297084867698432,-17.618507515153862,-5.547572897865358,-2.5818134070627172,17.618507515153862,5.547572897865358,2.5818134070627172,1941.6666666666667,3.120173232220795,4.5021090179669105,5.454731386629168,-14.172748849192297,-1.466104435187835,3.76512998512444,-17.0,-5.440940443190942,2.563805304523041,17.666666666666668,7.66906288406206,8.543687682711033,-17.292922081413092,-5.968213453154746,-1.6896014015047287,17.292922081413092,5.968213453154746,1.6896014015047287
-16,1384.5,1.2297178809354243,4.96221345039859,5.22717947919155,-14.98345269903151,-0.7835772236842944,4.813709643278191,-16.0,-5.207029261768676,3.6859585996965305,16.5,7.923259136592227,7.245383500574659,-16.213170579966935,-5.745790674082885,-0.41346983591335884,16.213170579966935,5.745790674082885,0.41346983591335884,1951.5,3.2232407649105834,4.086264375607371,4.893609970515029,-12.940900924941094,-1.757129177296025,3.520139460340938,-16.0,-5.2483815013359685,2.480060359860194,16.5,7.61668540915974,8.428675630837287,-16.16414168985168,-5.843393552903396,-1.373470510174091,16.16414168985168,5.843393552903396,1.373470510174091,2499.0,6.666715710285384,4.594614246101725,7.380903718492462,-9.955123555004873,-0.7967521818200499,5.203142461901485,-16.0,-5.423424847478215,1.9743089548956594,16.666666666666668,7.635628362026261,8.969923890029136,-16.62183926529026,-5.391366427921775,-2.1777612565909776,16.62183926529026,5.391366427921775,2.1777612565909776,1945.0,3.7065581187104635,4.547697357369228,5.833897722733013,-12.62649239299249,-1.1124861942667896,4.512330521840205,-16.0,-5.29294520352762,2.713442638150795,16.555555555555557,7.725190969259409,8.214661007147027,-16.33305051170296,-5.660183551636018,-1.3215672008928092,16.33305051170296,5.660183551636018,1.3215672008928092
-15,1388.0,1.8547824100116923,5.005493585296493,5.722790511568036,-13.471012806215066,-0.4143246154395002,5.860939065049846,-15.0,-5.0619531370743,4.03034299766508,15.333333333333334,7.999944722100369,6.732724407404475,-15.325795216226757,-5.419818200735993,0.13814855348181107,15.325795216226757,5.419818200735993,-0.13814855348181107,1956.0,4.101018599678395,4.064150597340133,5.607624392555443,-11.178635385082773,-1.3233264055007372,4.392315478024182,-15.0,-5.031427258354817,2.4324793200404162,15.6,7.54686943332924,8.278147466663716,-15.279653984761165,-5.38747700284087,-1.2153089145312603,15.279653984761165,5.38747700284087,1.2153089145312603,2502.5,7.171242836137427,4.613639644761566,7.636229522130371,-8.493035541034118,-0.5629249810978891,5.982623829241424,-15.0,-5.2978893713819115,2.2617636615481924,15.5,7.750142520326348,8.520670297403047,-15.664278377171545,-5.176564625859456,-1.6536056928889467,15.664278377171545,5.176564625859456,1.6536056928889467,1948.8333333333333,4.375681281942505,4.561094609132731,6.3222148087512835,-11.047561244110653,-0.7668586673460421,5.411959457438485,-15.0,-5.130423255603676,2.9081953264178964,15.47777777777778,7.765652225251986,7.843847390490413,-15.423242526053153,-5.327953276478773,-0.9102553513127987,15.423242526053153,5.327953276478773,0.9102553513127987
-14,1392.0,2.5265006581665452,5.009407714289088,6.402710623720367,-11.930667456338455,-0.04198011881310695,7.021517946366305,-14.0,-4.897125460035739,4.296532535719256,14.4,8.022577696615887,6.290437353281314,-14.457168114504999,-5.051387833102195,0.6188073226459373,14.457168114504999,5.051387833102195,-0.6188073226459373,1963.0,5.41727451688672,3.986000949905605,6.5547109962852295,-9.018350072838125,-0.833452420183982,5.352057575994796,-14.0,-4.729180137897946,2.235001685324099,14.444444444444445,7.352903937703711,8.259885075194536,-14.435624589724846,-4.819453370089587,-1.202653420290433,14.435624589724846,4.819453370089587,1.202653420290433,2507.5,7.879582104079347,4.52973278179784,8.29065109400951,-6.8574718754571125,-0.3034047203155123,7.086508550281713,-14.0,-5.126896067612878,2.46100360386736,14.5,7.78971714589283,8.14066974917571,-14.73705397953646,-4.8331375021133525,-1.2041425437277977,14.73705397953646,4.8331375021133525,1.2041425437277977,1954.1666666666667,5.274452426377537,4.508380481997511,7.082690904671703,-9.268829801544564,-0.39294575310420043,6.486694690880938,-14.0,-4.917733888515521,2.9975126083035715,14.44814814814815,7.721732926737476,7.563664059217186,-14.5432822279221,-4.9013262351017115,-0.5959962137907645,14.5432822279221,4.9013262351017115,0.5959962137907645
-13,1397.5,3.355571347369795,5.007221548931086,7.471384536006526,-10.185909289897433,0.37052615075011613,8.302142409245256,-13.0,-4.746364711398598,4.28013116272719,13.166666666666666,7.992444380337093,6.116305208865016,-13.541480637267227,-4.6366953981809695,0.8307578732387295,13.541480637267227,4.6366953981809695,-0.8307578732387295,1973.0,6.813450547719166,3.9213221339100017,7.606871865400706,-6.800736405190995,-0.3435253173410405,6.137218876168145,-13.0,-4.429412408294751,1.7649548244655522,13.454545454545455,7.096688323948038,8.521241164545353,-13.61418695291016,-4.264847451251042,-1.4696529892325616,13.61418695291016,4.264847451251042,1.4696529892325616,2517.5,8.973053993724914,4.368717867008376,9.55441411078621,-4.964408817678936,-0.019272918055668078,8.441823087906306,-13.0,-4.962729432662249,2.3236728663403974,13.5,7.740912477294661,8.099755411547092,-13.93746281140385,-4.387990785064044,-1.1125910228799039,13.93746281140385,4.387990785064044,1.1125910228799039,1962.6666666666667,6.380691962937958,4.432420516616488,8.210890170731147,-7.317018170922455,0.002575971784469177,7.627061457773235,-13.0,-4.7128355174518655,2.789586284511046,13.373737373737375,7.610015060526597,7.57910059498582,-13.697710133860411,-4.429844544832019,-0.5838287129579119,13.697710133860411,4.429844544832019,0.5838287129579119
-12,1407.0,4.4812665535406335,4.995616872062877,8.861091737873899,-8.289773593796731,0.8269147775066498,9.186130347625387,-12.0,-4.566482678458187,3.579683899333691,12.153846153846153,7.7749350598343865,6.630199932929758,-12.771040147337365,-4.168702094556227,0.3250386097514886,12.771040147337365,4.168702094556227,-0.3250386097514886,1983.0,7.526871765431398,3.9821171309488523,8.338557952285317,-5.541732834900883,-0.12956448733736348,6.624401043473558,-12.0,-4.431017259082106,1.4060148699997927,13.0,7.115340782397417,8.791675985415536,-13.068604600332282,-4.111681618286216,-1.7141569088117588,13.068604600332282,4.111681618286216,1.7141569088117588,2528.5,9.456696546460702,4.2615076828192695,10.631906908008753,-3.9757573542789775,0.12567516404467582,8.913731826517575,-12.0,-4.926156489484227,1.5739423757501192,13.0,7.631805133512751,8.737776952746948,-13.432453900739679,-4.135832518774594,-1.7181750814911783,13.432453900739679,4.135832518774594,1.7181750814911783,1972.8333333333333,7.154944955144245,4.413080561943667,9.277185532722656,-5.93575459432553,0.2743418180713207,8.24142107253884,-12.0,-4.641218809008174,2.186547048361201,12.717948717948717,7.507360325248185,8.053217623697414,-13.090699549469775,-4.138738743872346,-1.035764460183816,13.090699549469775,4.138738743872346,1.035764460183816
-11,1419.5,5.012507762434964,5.016865256786804,9.126477174684561,-7.132611050621588,1.106759911802105,8.693836198383257,-11.0,-4.350615574458721,2.6604567596725377,12.0,7.454724675028931,7.403681597993419,-12.14511881305655,-3.9101053449846987,-0.43264097630130455,12.14511881305655,3.9101053449846987,0.43264097630130455,,,,,,,,,,,,,,,,,,,,,,,,,,,,,,,,,,,,,,,1419.5,5.012507762434964,5.016865256786804,9.126477174684561,-7.132611050621588,1.106759911802105,8.693836198383257,-11.0,-4.350615574458721,2.6604567596725377,12.0,7.454724675028931,7.403681597993419,-12.14511881305655,-3.9101053449846987,-0.43264097630130455,12.14511881305655,3.9101053449846987,0.43264097630130455
-10,,,,,,,,,,,,,,,,,,,,,,,,,,,,,,,,,,,,,,,,,,,,,,,,,,,,,,,,,,,,,,,,,,,,,,,,,,,,
-9,,,,,,,,,,,,,,,,,,,,,,,,,,,,,,,,,,,,,,,,,,,,,,,,,,,,,,,,,,,,,,,,,,,,,,,,,,,,
-8,,,,,,,,,,,,,,,,,,,,,,,,,,,,,,,,,,,,,,,,,,,,,,,,,,,,,,,,,,,,,,,,,,,,,,,,,,,,
-7,,,,,,,,,,,,,,,,,,,,,,,,,,,,,,,,,,,,,,,,,,,,,,,,,,,,,,,,,,,,,,,,,,,,,,,,,,,,
-6,,,,,,,,,,,,,,,,,,,,,,,,,,,,,,,,,,,,,,,,,,,,,,,,,,,,,,,,,,,,,,,,,,,,,,,,,,,,
-5,,,,,,,,,,,,,,,,,,,,,,,,,,,,,,,,,,,,,,,,,,,,,,,,,,,,,,,,,,,,,,,,,,,,,,,,,,,,
-4,,,,,,,,,,,,,,,,,,,,,,,,,,,,,,,,,,,,,,,,,,,,,,,,,,,,,,,,,,,,,,,,,,,,,,,,,,,,
-3,,,,,,,,,,,,,,,,,,,,,,,,,,,,,,,,,,,,,,,,,,,,,,,,,,,,,,,,,,,,,,,,,,,,,,,,,,,,
-2,,,,,,,,,,,,,,,,,,,,,,,,,,,,,,,,,,,,,,,,,,,,,,,,,,,,,,,,,,,,,,,,,,,,,,,,,,,,
-1,,,,,,,,,,,,,,,,,,,,,,,,,,,,,,,,,,,,,,,,,,,,,,,,,,,,,,,,,,,,,,,,,,,,,,,,,,,,
0,,,,,,,,,,,,,,,,,,,,,,,,,,,,,,,,,,,,,,,,,,,,,,,,,,,,,,,,,,,,,,,,,,,,,,,,,,,,
1,,,,,,,,,,,,,,,,,,,,,,,,,,,,,,,,,,,,,,,,,,,,,,,,,,,,,,,,,,,,,,,,,,,,,,,,,,,,
2,,,,,,,,,,,,,,,,,,,,,,,,,,,,,,,,,,,,,,,,,,,,,,,,,,,,,,,,,,,,,,,,,,,,,,,,,,,,
3,,,,,,,,,,,,,,,,,,,,,,,,,,,,,,,,,,,,,,,,,,,,,,,,,,,,,,,,,,,,,,,,,,,,,,,,,,,,
4,,,,,,,,,,,,,,,,,,,,,,,,,,,,,,,,,,,,,,,,,,,,,,,,,,,,,,,,,,,,,,,,,,,,,,,,,,,,
5,,,,,,,,,,,,,,,,,,,,,,,,,,,,,,,,,,,,,,,,,,,,,,,,,,,,,,,,,,,,,,,,,,,,,,,,,,,,
6,,,,,,,,,,,,,,,,,,,,,,,,,,,,,,,,,,,,,,,,,,,,,,,,,,,,,,,,,,,,,,,,,,,,,,,,,,,,
7,,,,,,,,,,,,,,,,,,,,,,,,,,,,,,,,,,,,,,,,,,,,,,,,,,,,,,,,,,,,,,,,,,,,,,,,,,,,
8,,,,,,,,,,,,,,,,,,,,,,,,,,,,,,,,,,,,,,,,,,,,,,,,,,,,,,,,,,,,,,,,,,,,,,,,,,,,
9,,,,,,,,,,,,,,,,,,,,,,,,,,,,,,,,,,,,,,,,,,,,,,,,,,,,,,,,,,,,,,,,,,,,,,,,,,,,
10,,,,,,,,,,,,,,,,,,,,,,,,,,,,,,,,,,,,,,,,,,,,,,,,,,,,,,,,,,,,,,,,,,,,,,,,,,,,
11,,,,,,,,,,,,,,,,,,,,,,,,,,,,,,,,,,,,,,,,,,,,,,,,,,,,,,,,,,,,,,,,,,,,,,,,,,,,
12,,,,,,,,,,,,,,,,,,,,,,,,,,,,,,,,,,,,,,,,,,,,,,,,,,,,,,,,,,,,,,,,,,,,,,,,,,,,
13,,,,,,,,,,,,,,,,,,,,,,,,,,,,,,,,,,,,,,,,,,,,,,,,,,,,,,,,,,,,,,,,,,,,,,,,,,,,
14,,,,,,,,,,,,,,,,,,,,,,,,,,,,,,,,,,,,,,,,,,,,,,,,,,,,,,,,,,,,,,,,,,,,,,,,,,,,
15,,,,,,,,,,,,,,,,,,,,,,,,,,,,,,,,,,,,,,,,,,,,,,,,,,,,,,,,,,,,,,,,,,,,,,,,,,,,
16,,,,,,,,,,,,,,,,,,,,,,,,,,,,,,,,,,,,,,,,,,,,,,,,,,,,,,,,,,,,,,,,,,,,,,,,,,,,
17,,,,,,,,,,,,,,,,,,,,,,,,,,,,,,,,,,,,,,,,,,,,,,,,,,,,,,,,,,,,,,,,,,,,,,,,,,,,
18,,,,,,,,,,,,,,,,,,,,,,,,,,,,,,,,,,,,,,,,,,,,,,,,,,,,,,,,,,,,,,,,,,,,,,,,,,,,
19,,,,,,,,,,,,,,,,,,,,,,,,,,,,,,,,,,,,,,,,,,,,,,,,,,,,,,,,,,,,,,,,,,,,,,,,,,,,
20,,,,,,,,,,,,,,,,,,,,,,,,,,,,,,,,,,,,,,,,,,,,,,,,,,,,,,,,,,,,,,,,,,,,,,,,,,,,
