Degrees_x,timestamp_avg,Sensor1_x_avg,Sensor1_y_avg,Sensor1_z_avg,Sensor2_x_avg,Sensor2_y_avg,Sensor2_z_avg,Diff_x_avg,Diff_y_avg,Diff_z_avg,Diff_inv_x_avg,Diff_inv_y_avg,Diff_inv_z_avg
-120,,,,,,,,,,,,,
-119,,,,,,,,,,,,,
-118,,,,,,,,,,,,,
-117,,,,,,,,,,,,,
-116,,,,,,,,,,,,,
-115,,,,,,,,,,,,,
-114,,,,,,,,,,,,,
-113,,,,,,,,,,,,,
-112,,,,,,,,,,,,,
-111,,,,,,,,,,,,,
-110,,,,,,,,,,,,,
-109,,,,,,,,,,,,,
-108,,,,,,,,,,,,,
-107,,,,,,,,,,,,,
-106,,,,,,,,,,,,,
-105,,,,,,,,,,,,,
-104,,,,,,,,,,,,,
-103,,,,,,,,,,,,,
-102,,,,,,,,,,,,,
-101,,,,,,,,,,,,,
-100,,,,,,,,,,,,,
-99,,,,,,,,,,,,,
-98,,,,,,,,,,,,,
-97,,,,,,,,,,,,,
-96,,,,,,,,,,,,,
-95,,,,,,,,,,,,,
-94,,,,,,,,,,,,,
-93,,,,,,,,,,,,,
-92,,,,,,,,,,,,,
-91,,,,,,,,,,,,,
-90,,,,,,,,,,,,,
-89,,,,,,,,,,,,,
-88,,,,,,,,,,,,,
-87,,,,,,,,,,,,,
-86,,,,,,,,,,,,,
-85,,,,,,,,,,,,,
-84,-3129.5,16.75285960406065,-10.978673535560212,6.236157019600501,95.54764432120828,1.1409922839357909,5.7283341752448935,-84.0,11.994630007156665,-1.80595411763781,79.0,-2.884377049913383,-6.222888561688449
-83,-2921.8387096774195,18.863791099341533,-11.229263454862313,6.748954304567792,96.71208268200984,2.8128297310053156,6.6673633671318,-83.0,12.290454152478283,-3.2093725508711426,78.72811059907833,-1.5051814149419411,-5.683310625929343
-82,-2947.125,20.351886235646973,-12.317430031781434,5.3478663505943445,96.94092433878171,3.0678955899023634,7.581414325456423,-82.0,11.955316232269201,-5.195183951303756,77.52064896755162,0.6156175533152876,-5.612238093310527
-81,-2980.1935483870966,20.00391153870769,-12.433419560719397,5.692495086622749,95.8942856706909,3.180187387243299,7.557424424972831,-81.0,11.73002713761531,-5.037759441712698,76.9,0.5714947842613345,-5.858308660215487
-80,-3020.75,18.201175974296767,-11.82139738151563,6.4862598360303725,92.98235551358205,3.1362242436751053,7.4391009200846465,-80.0,12.14308405169033,-4.294673288792157,75.875,-0.1308907268055377,-5.627423227539272
-79,-2761.0,18.348757412855452,-12.003428816885487,4.533990024563248,92.12434850847849,2.8028001547506793,7.126338952093101,-79.0,11.662140940445438,-5.956946620611781,74.80555555555556,1.703382423762754,-5.657218991028201
-78,-2764.0,18.187051302197684,-11.96136339517485,4.525028241120727,90.9323764735404,2.7360189803930344,7.198786261805059,-78.0,11.709050857936973,-6.031329801049818,73.80555555555556,1.8625408120546567,-5.558392599149227
-77,-2766.8333333333335,18.012742036471042,-11.929332433805174,4.474926890296964,89.69541455503156,2.6666513726333863,7.1284602121901495,-77.0,11.608209065074618,-6.106466434273,72.61111111111113,2.0671198569919884,-5.594642555815949
-76,-2769.1666666666665,17.851900094564286,-11.940464100971425,4.39562100054511,88.58797018326668,2.601128052423821,6.925651115962108,-76.0,11.3468057469869,-6.159675708760407,71.72222222222223,2.2918220377779965,-5.797124096631033
-75,-2771.1666666666665,17.721956891491512,-11.934839983688525,4.407573473704001,87.55969693615197,2.53364364182419,6.699627355675529,-75.0,11.086792433623579,-6.099144188871829,71.0,2.411085324312666,-6.027575370151098
-74,-2773.1666666666665,17.606802406777785,-11.918742550077146,4.440968971164952,86.4790236441084,2.5002624953556887,6.4434158965396735,-74.0,10.796477614222765,-6.036490775264897,70.0,2.553050180690945,-6.2773435879425366
-73,-2775.3333333333335,17.461726948425742,-11.902982964850878,4.42976592287681,85.28742347549026,2.4857373425198737,6.122827500370107,-73.0,10.434031896626772,-6.010027303263365,68.8888888888889,2.7735796994819637,-6.576270216655679
-72,-2777.6666666666665,17.29281536686106,-11.89361104782632,4.411684085968534,83.98313293928646,2.4839432299820436,5.801571321461975,-72.0,10.056603801225888,-5.998274127525394,67.72222222222223,3.0346612658371743,-6.875997557998601
-71,-2779.6666666666665,17.14247758630755,-11.879780328463035,4.434358552625369,82.8587550842271,2.4817762412883666,5.624973897527492,-71.0,9.832757972832702,-5.979805990702624,66.83333333333333,3.2205537989520807,-7.041151002655854
-70,-2781.5,17.01160454954984,-11.853684795995036,4.489074763074439,81.79527841972363,2.4695716284632367,5.545628158777494,-70.0,9.717830424749815,-5.948234949798028,65.83333333333333,3.3520574144259814,-7.105949695583111
-69,-2783.3333333333335,16.889002323335657,-11.825578587479896,4.549395190790748,80.70492490925919,2.446621460317328,5.503597917539143,-69.0,9.640759928890203,-5.916360456584084,65.0,3.4745446874751464,-7.1316811404391744
-68,-2785.3333333333335,16.74900184439065,-11.782647618925706,4.60186109676731,79.47877655472986,2.436177104892377,5.42498140082087,-68.0,9.53005807801727,-5.892400953877292,63.888888888888886,3.6356948740462265,-7.174923900386651
-67,-2787.3333333333335,16.60976904413382,-11.74510751679739,4.711136442249676,78.22931753456504,2.4378772616405757,5.324214171764291,-67.0,9.387349194767316,-5.80961510781757,62.833333333333336,3.764750843647787,-7.2683487032155645
-66,-2788.8333333333335,16.505975811561527,-11.727326956939784,4.844075612163693,77.28422343662253,2.4421524264722474,5.297837131079991,-66.0,9.31239049093199,-5.72209762483168,62.0,3.8272806138943642,-7.3240387103967635
-65,-2790.5,16.417394699730345,-11.724950971347866,4.953659819100407,76.18898151216437,2.4586668498470208,5.328273297048513,-65.0,9.25120951952273,-5.703252173685011,61.0,3.9652198679192607,-7.317735227747632
-64,-2792.3333333333335,16.32676353946648,-11.748537662601782,5.016406647160445,74.96346990984108,2.4831116551373102,5.352357527426534,-64.0,9.141656557685286,-5.741894049752084,59.833333333333336,4.194508238851136,-7.315300766074141
-63,-2794.0,16.247669832583608,-11.752196405074693,5.080701038421598,73.83856187251193,2.504850551014714,5.32124483420236,-63.0,9.010650457800864,-5.740097646990164,58.833333333333336,4.390069546033348,-7.349493214985631
-62,-2795.5,16.177780337572454,-11.742709388298012,5.194724962870822,72.83505606682773,2.5445271064907007,5.233702008935278,-62.0,8.844107799641991,-5.664273614105757,58.0,4.530113344184408,-7.456808582318992
-61,-2797.1666666666665,16.092009390297594,-11.735705844780943,5.338302547484922,71.73868555688564,2.6077161058017437,5.102344980608904,-61.0,8.619332685120597,-5.554247799696085,56.833333333333336,4.689845509311163,-7.6276529664050114
-60,-2799.0,16.003675384986735,-11.731167006601765,5.459382033988951,70.5384777835809,2.6636970723773064,4.882287584373073,-60.0,8.314281253535299,-5.408334657539957,56.0,4.887266315292847,-7.874627140636085
-59,-2800.6666666666665,15.924842370698238,-11.734468885874735,5.5692290738710755,69.4405550575291,2.702378920429167,4.704496504216789,-59.0,8.054343466620544,-5.271774542787161,55.0,5.06299304613523,-8.081605687524283
-58,-2802.1666666666665,15.85760893788479,-11.72812233159842,5.6687453446108895,68.44616315861627,2.7218425723564064,4.546966745229219,-58.0,7.842593821963707,-5.12859413898565,54.0,5.201716223672034,-8.25405075232024
-57,-2803.6666666666665,15.783894192805162,-11.72481139404598,5.7858323280349735,67.44836052603148,2.7403444376229302,4.419842124521032,-57.0,7.655362406042823,-4.979003983491416,53.0,5.32741683478396,-8.408498060050208
-56,-2805.3333333333335,15.688541714173402,-11.723063883847445,5.905500401624306,66.34186700929536,2.766815937492284,4.284411627922735,-56.0,7.447537606073856,-4.829456475622835,52.166666666666664,5.483096896901107,-8.573025908245036
-55,-2807.1666666666665,15.571463723314372,-11.726614102926064,5.999485311651601,65.13279146941737,2.813998670827585,4.139805636529108,-55.0,7.210517477790506,-4.711918820206764,51.0,5.7024334665831224,-8.731625075927788
-54,-2809.0,15.44827468348466,-11.734499230790052,6.101952571261823,63.951618994578105,2.8627033428807884,4.011044706306085,-54.0,6.985203536989297,-4.5856271509456095,50.0,5.9088453570039645,-8.877727446407674
-53,-2810.6666666666665,15.333783918439863,-11.721999286592457,6.257878152522082,62.90473107245271,2.9082441972302924,3.874227003758259,-53.0,6.787125789932873,-4.392132099423483,49.166666666666664,6.034993965186384,-9.06030344288265
-52,-2812.5,15.223131567803428,-11.705710138905864,6.442765486908294,61.76098727903727,2.962682002700182,3.7380300388828913,-52.0,6.579929642567488,-4.174439978951091,48.166666666666664,6.173523167958366,-9.257454325928977
-51,-2814.1666666666665,15.123225217377964,-11.69519227569473,6.6051794590145105,60.72089554305009,3.008756259880748,3.70815303049314,-51.0,6.460197036447379,-4.0352797813331085,47.166666666666664,6.300560677020745,-9.336553418593736
-50,-2815.8333333333335,15.03184415352672,-11.689469360602908,6.7653273626459525,59.67424273597845,3.053562243646283,3.7878990826966734,-50.0,6.4130844057557335,-3.9721879423766944,46.5,6.4363961265589325,-9.307084551614244
-49,-2817.8333333333335,14.92959610366942,-11.67663460332802,6.932678752058485,58.41609488972147,3.116084873389049,3.9722178156412853,-49.0,6.413370958502564,-3.993258069754471,45.333333333333336,6.62932148859479,-9.16467727521755
-48,-2819.6666666666665,14.837374707682832,-11.671401277364678,7.06877257656818,57.26697410475478,3.181457766215715,4.131845262204703,-48.0,6.388769491538102,-4.031990252082786,44.333333333333336,6.83562991739479,-9.039078757314185
-47,-2821.5,14.75345277147892,-11.680575525415206,7.237404094691264,56.14629903470624,3.275454539573584,4.262447745169845,-47.0,6.304647590195516,-4.0371886428446055,43.5,7.056143396563279,-8.977876399650448
-46,-2823.3333333333335,14.667332994307367,-11.69361231347903,7.479069355934311,55.05363644022316,3.361021193655235,4.339670442374508,-46.0,6.1860986542903005,-3.917267104214218,42.333333333333336,7.212724367170726,-9.02400552515449
-45,-2825.0,14.594693722340319,-11.702084112378321,7.70231565903893,54.06614351872674,3.419607719107273,4.2838544566454475,-45.0,6.00956193103283,-3.6955229290426796,41.333333333333336,7.339437899957193,-9.195625281708049
-44,-2826.8333333333335,14.531850677418944,-11.724652853318446,7.941889161261983,52.97103978805543,3.4860676698694593,4.098512057939817,-44.0,5.7183143031656725,-3.359631805662797,40.5,7.5089707653599165,-9.513814335501193
-43,-2828.6666666666665,14.48237467101123,-11.746103323078911,8.15917476555817,51.8950032691391,3.5474773794414904,3.914050153558668,-43.0,5.438257329257726,-3.0308025698964194,39.666666666666664,7.684100571154886,-9.809868379883827
-42,-2830.5,14.42660778537995,-11.753078055064547,8.375514839776079,50.831356795823524,3.5785561799413403,3.777341845267212,-42.0,5.231177020216955,-2.715666878166058,38.5,7.821044561222339,-10.049941392551696
-41,-2832.3333333333335,14.34817936505822,-11.76881626685153,8.52891927184334,49.77591687918274,3.6092783133254884,3.663273880293083,-41.0,5.034977816211842,-2.4779070704461703,37.666666666666664,8.001043662531524,-10.225774091476868
-40,-2834.3333333333335,14.233841250751814,-11.774411854403157,8.63077859280929,48.66478562278288,3.6846282713820813,3.6006813127671786,-40.0,4.843869027630906,-2.354505360234348,36.72222222222222,8.253645318219341,-10.300241890377619
-39,-2836.5,14.118069926195368,-11.777433408602525,8.761071458400567,47.51058423714429,3.785292450092477,3.544872963748693,-39.0,4.634141753903478,-2.219888013349792,35.666666666666664,8.528374536526458,-10.387345603589026
-38,-2838.6666666666665,14.015832575440067,-11.800356700162444,8.905531065324729,46.38145561314326,3.8461048767290493,3.4697289557850985,-38.0,4.4280517160343384,-2.026285966075595,34.888888888888886,8.771893084487298,-10.51475658853122
-37,-2840.8333333333335,13.926527143652836,-11.812859904470118,9.054593967058274,45.2463289921071,3.873706026304255,3.384923878338021,-37.0,4.254991472449267,-1.7948793311434512,33.833333333333336,8.977919528058495,-10.644465059343586
-36,-2842.8333333333335,13.857773422753572,-11.818838196415447,9.210358952223634,44.185662384092836,3.9077068261644623,3.313614248576821,-36.0,4.09700978494194,-1.5693946781558132,33.0,9.171828394593797,-10.766401613683781
-35,-2844.8333333333335,13.779244209958824,-11.821784256237978,9.328322867625449,43.12795673405552,3.966064309949483,3.259199607848355,-35.0,3.933319381753442,-1.4044043837089941,32.0,9.404338063885442,-10.837505507938793
-34,-2846.8333333333335,13.698087716288667,-11.862125766049571,9.42034071246159,42.059419238838004,4.045983270458319,3.207744988084403,-34.0,3.716190600746114,-1.2747694682544324,31.0,9.70593626311841,-10.900384422569628
-33,-2848.8333333333335,13.636772409238533,-11.914099474132847,9.529433828989548,40.98503719399162,4.1576065377418585,3.132747025542573,-33.0,3.4473712334400584,-1.1169433131906947,30.166666666666668,10.047853043892431,-11.002937902501708
-32,-2850.6666666666665,13.597112677106061,-11.97495888257771,9.594589604494473,40.01308103633545,4.2557566597789664,3.0506757341952215,-32.0,3.1847933148199004,-0.9879349204863463,29.166666666666668,10.390291901545854,-11.083292028557873
-31,-2852.5,13.572866860139419,-12.053021696094968,9.633872302237938,39.05011969361715,4.367971735181899,2.9593379207851167,-31.0,2.888356555593585,-0.8778852439320196,28.333333333333332,10.777852525756197,-11.154536028002854
-30,-2854.5,13.556215988664546,-12.129104846163342,9.688021144521668,38.01236395940185,4.517545089433061,2.8017604624245736,-30.0,2.5268479648384727,-0.6983894123200581,27.333333333333332,11.213987576772794,-11.291963841029053
-29,-2856.5,13.547743235446951,-12.152469721482234,9.781340512858188,36.991809353791275,4.634697306337223,2.512090279623649,-29.0,2.1962363803253253,-0.3315106308238655,26.333333333333332,11.554248543782208,-11.567401450627614
-28,-2858.3333333333335,13.506444876308779,-12.153106677860036,9.937747480724786,36.08146814560545,4.703939493838302,2.2310959245163287,-28.0,1.9569145391658402,0.11391058455359815,25.833333333333332,11.762137324247385,-11.892460243811064
-27,-2860.3333333333335,13.435175418395886,-12.214427907696402,10.03982773581164,35.11936682896265,4.777529319008902,2.0041831296983235,-27.0,1.6818330049977532,0.45884284920049484,24.722222222222225,12.05880178973968,-12.134771042688564
-26,-2862.6666666666665,13.358891546220208,-12.27932995056041,10.12213790042032,34.017046615885114,4.8705924700102114,1.8615930776341323,-26.0,1.413445814722005,0.7106982837127407,23.88888888888889,12.420828956059674,-12.256923787516756
-25,-2865.0,13.27426591494963,-12.303230645962463,10.268851005621856,32.922262028784324,4.985993158162892,1.878011590273787,-25.0,1.2249835466530261,0.8694231432631777,22.944444444444443,12.742245049945149,-12.263953835060299
-24,-2867.3333333333335,13.166545504498051,-12.327760222360048,10.360620247418952,31.845998185934494,5.131255443414948,2.0190131215011347,-24.0,1.048264961955563,0.8390781669375166,22.11111111111111,13.112538066066614,-12.09957924006043
-23,-2870.0,13.029777367631473,-12.421291843056403,10.343341913397465,30.70415760558925,5.193395870713412,1.9934335507557035,-23.0,0.8197178030508567,0.8978804493240943,21.11111111111111,13.514112960966335,-12.008647824922349
-22,-2872.8333333333335,12.801658142802436,-12.488640929322836,10.280203899336465,29.51887014402097,5.221237335978688,1.9362135138191763,-22.0,0.6469179867347846,0.9550230846991165,20.0,13.85758626698289,-11.89282184606875
-21,-2875.3333333333335,12.617301054752536,-12.522890072656281,10.226544388366007,28.398096561056942,5.24191299787246,1.8078772590286472,-21.0,0.5036411417728314,1.0999168058314477,19.166666666666668,14.145892002365164,-11.840687798850327
-20,-2877.6666666666665,12.573844368418102,-12.630278361897446,10.143830840374555,27.422297956139932,5.203577379941305,1.5271678932726973,-20.0,0.30520556143289096,1.3862850356275571,18.277777777777775,14.45335558526403,-11.927579353720965
-19,-2880.1666666666665,12.51780847869673,-12.772284977382737,10.011878413638003,26.441501250759362,5.138261963887253,1.1906341422526836,-19.0,0.09542217135588338,1.6874540414476253,17.388888888888886,14.776232590690988,-12.023961090182071
-18,-2882.6666666666665,12.383919633615315,-12.873728976209096,9.80573448220563,25.455886959714494,5.045192157867391,0.7754058051413661,-18.0,-0.050147593076186915,1.998511487942683,16.555555555555557,15.033357423408438,-12.115385335922609
-17,-2885.1666666666665,12.285761331944348,-12.96512030951117,9.511890129974168,24.537121111351272,4.893092413912911,0.2014871695513262,-17.0,-0.15156002751298556,2.3961018761037858,15.5,15.236505556790599,-12.267530323115798
-16,-2887.8333333333335,12.130665999746972,-13.142088593366722,9.195039410698067,23.59062552160778,4.774580549949351,-0.3977326144851861,-16.0,-0.3506210031146902,2.7891662890987075,14.722222222222221,15.538518718688119,-12.443715386178454
-15,-2890.5,11.912361943002166,-13.282158796841827,8.837407336249392,22.6184201595487,4.66849732825681,-0.9179220773976094,-15.0,-0.48838323186521987,3.056441275193658,13.888888888888888,15.809576018079118,-12.489306639857885
-14,-2893.1666666666665,11.725585309199857,-13.35778355496656,8.47504536880929,21.635191799394402,4.577879868255738,-1.3985464211167902,-14.0,-0.5527001965970236,3.279087978068734,12.888888888888888,16.031418590149883,-12.458411331946573
-13,-2895.8333333333335,11.594219028421017,-13.437787148920778,8.180598961557981,20.68589265666729,4.512089972760406,-1.8683141404539718,-13.0,-0.6264006713527323,3.556742963302403,12.0,16.25682826137182,-12.476025642694118
-12,-2899.0,11.398076700193732,-13.524618498901633,7.959120396990886,19.664450399689354,4.4259643801043715,-2.373813107256397,-12.0,-0.6792462346266493,3.945929941059058,11.111111111111112,16.449744797542948,-12.595271436431679
-11,-2902.3333333333335,11.08383714523711,-13.544439123211843,7.712271530255138,18.554233662251836,4.324823622770974,-2.9176968446752944,-11.0,-0.6369493854608995,4.349297517280865,10.111111111111112,16.55226854096222,-12.71365283935532
-10,-2905.8333333333335,10.812371634420685,-13.604209709701456,7.243480339349734,17.46978589693822,4.19717551799317,-3.617295444767278,-10.0,-0.6040763935005914,4.697930926995325,9.261111111111111,16.6960170251951,-12.75614796069315
-9,-2910.5,10.319865488343737,-13.684601252551147,6.578124261262144,16.198034745526233,4.087251277578499,-4.385655673259607,-9.0,-0.5934461191755618,4.915094290706656,8.222222222222223,16.883584898470502,-12.669668104839102
-8,-2916.8333333333335,9.526029695929097,-13.794913536089432,5.4863331595595595,14.7915928955615,4.019773807115976,-5.227060465280147,-8.0,-0.6463379052337473,4.7648388370195,7.195238095238095,17.14954684409122,-12.252119093020069
-7,-2658.25,9.1754156583047,-13.232559365634144,3.64608349635342,14.248063182016264,4.4141486643607495,-7.096176224152398,-7.0,-0.5599090048370258,4.869952355353512,6.5,17.219319495143957,-12.112370291716012
-6,-2401.0,9.579640367329684,-12.787201482144082,2.2458075340717625,14.00681381373323,5.020090904865424,-9.150930486280341,-6.0,-0.7097786382350709,5.644368291309188,5.363636363636363,17.570910673908504,-12.526774859563186
-5,-2410.5,8.587511252087342,-12.676600593343428,1.8068379131460457,12.596548733539391,5.085765625975922,-9.582129333739957,-5.0,-0.6094480529705137,5.692273222291619,5.0,17.589032860252885,-12.395512097895955
-4,,,,,,,,,,,,,
-3,,,,,,,,,,,,,
-2,,,,,,,,,,,,,
-1,,,,,,,,,,,,,
0,,,,,,,,,,,,,
1,,,,,,,,,,,,,
2,,,,,,,,,,,,,
3,,,,,,,,,,,,,
4,,,,,,,,,,,,,
5,,,,,,,,,,,,,
6,,,,,,,,,,,,,
7,,,,,,,,,,,,,
8,,,,,,,,,,,,,
9,,,,,,,,,,,,,
10,,,,,,,,,,,,,
11,,,,,,,,,,,,,
12,,,,,,,,,,,,,
13,,,,,,,,,,,,,
14,,,,,,,,,,,,,
15,,,,,,,,,,,,,
16,,,,,,,,,,,,,
17,,,,,,,,,,,,,
18,,,,,,,,,,,,,
19,,,,,,,,,,,,,
20,,,,,,,,,,,,,
19,,,,,,,,,,,,,
18,,,,,,,,,,,,,
17,,,,,,,,,,,,,
16,,,,,,,,,,,,,
15,,,,,,,,,,,,,
14,,,,,,,,,,,,,
13,,,,,,,,,,,,,
12,,,,,,,,,,,,,
11,,,,,,,,,,,,,
10,,,,,,,,,,,,,
9,,,,,,,,,,,,,
8,,,,,,,,,,,,,
7,,,,,,,,,,,,,
6,,,,,,,,,,,,,
5,,,,,,,,,,,,,
4,,,,,,,,,,,,,
3,,,,,,,,,,,,,
2,,,,,,,,,,,,,
1,,,,,,,,,,,,,
0,,,,,,,,,,,,,
-1,,,,,,,,,,,,,
-2,,,,,,,,,,,,,
-3,,,,,,,,,,,,,
-4,,,,,,,,,,,,,
-5,-2419.5,8.08163440356933,-12.574887803439964,1.5390777952994854,12.12891133976762,5.170728761167728,-9.731874879160781,-5.0,-0.6020836006715179,5.571224735556235,5.0,17.59312255663829,-12.266389350964372
-6,-2433.5,8.432253007077142,-12.843917432362606,0.9933747683059231,13.435508945420615,5.051585731749862,-10.429141904122552,-6.0,-0.9327824082060396,5.685388897921666,5.5,17.75228877002569,-12.636172759766286
-7,-2685.0,8.569414178844285,-13.409313371638625,2.4315914772517067,14.142082128514112,4.218153095232136,-8.715884822013594,-7.0,-0.6958369185251069,5.331860213182535,6.633333333333333,17.307826668533615,-12.597964388890666
-8,-2949.6666666666665,8.235547161091558,-13.667377917197642,4.154239175731209,13.964537845312641,3.946625375878135,-6.5883342780178085,-8.0,-0.5966751601691888,4.8215469826844135,7.288888888888889,17.083103756176794,-12.319104404298338
-9,-2962.1666666666665,8.42568565800529,-13.514367331213341,4.31613957725952,14.913310489225852,4.034270565965515,-6.498498920206167,-9.0,-0.6049351333428202,4.816821128913956,8.183982683982684,16.915680192925553,-12.5561920075097
-10,-2967.8333333333335,8.775520071885955,-13.355147680346938,4.874545549746464,16.19199426285677,4.156933855480669,-6.0356912898599075,-10.0,-0.6227605871958538,4.795372378862943,9.277777777777779,16.692980607858967,-12.862947339220554
-11,-2971.1666666666665,9.084919709913182,-13.268007646699944,5.379844872291951,17.262330443837907,4.280759537086433,-5.473767010959041,-11.0,-0.6685614245852496,4.628177091978968,10.111111111111112,16.550556250964085,-12.98084508784477
-12,-2973.8333333333335,9.303826185034595,-13.101430066836583,5.866111396926233,18.239479815312865,4.368167948499397,-4.775845802249158,-12.0,-0.5554948095797926,4.302998258651198,11.0,16.27589770618775,-12.918083054162542
-13,-2976.3333333333335,9.459117656173788,-12.967534585024955,6.3037071148614245,19.21072262533679,4.424180232025043,-4.07168846352507,-13.0,-0.4315497746716191,3.924213011694828,12.0,15.994329121041455,-12.806055778058862
-14,-2978.8333333333335,9.643778425054174,-12.855139775569464,6.568872280481034,20.153259046614497,4.453936517235145,-3.5437724790172545,-14.0,-0.30849533465272017,3.564236816161269,12.933333333333332,15.742148887587996,-12.678111967724563
-15,-2982.0,10.014009468637376,-12.756678251858538,6.946934817131015,21.34994827067511,4.483652554401459,-3.0625116601914844,-15.0,-0.19128381374864334,3.3605195295957944,13.777777777777777,15.453869841097921,-12.719613622171563
-16,-2985.0,10.38095305354218,-12.703394279909228,7.298676404969382,22.587970694071103,4.4807054964877375,-2.6341393374439943,-16.0,-0.07936193441874412,3.194871985282566,14.833333333333334,15.16222574793719,-12.798806674704428
-17,-2987.6666666666665,10.643609383803094,-12.611514678095041,7.61829591559314,23.714039159929047,4.520527849252139,-2.177757439078435,-17.0,0.04676659586520563,2.9606271774479223,15.75,14.87642959499179,-12.79919046797702
-18,-2990.5,10.907499810873398,-12.537295912618802,7.922434523427786,24.84592136762012,4.566476009947624,-1.6585209513730803,-18.0,0.18225720720253732,2.6458291613904676,16.611111111111114,14.602969473170198,-12.718943737505748
-19,-2993.0,11.104247105058192,-12.46219562805839,8.200664105902893,25.848590858801845,4.591237375279615,-1.1857886187952857,-19.0,0.3487218432358424,2.3670262698579494,17.61111111111111,14.31454916892384,-12.638299412652009
-20,-2995.5,11.299158790793884,-12.369558321283106,8.501352410259317,26.88478974593313,4.595480210334216,-0.8023113366590789,-20.0,0.5404717111592541,2.207973826075292,18.5,13.970699573614672,-12.66050953483878
-21,-2997.8333333333335,11.561120673334088,-12.331270457388536,8.687818930229092,27.93010058976093,4.569233310910282,-0.5548190076728846,-21.0,0.6821596792399469,2.0884139719565518,19.11111111111111,13.685797643294764,-12.705521453804794
-22,-3000.0,11.713963712651505,-12.355232249480116,8.8079731729667,28.951735219552557,4.5422994505459835,-0.21717907552128426,-22.0,0.7995805076839494,1.8077652286650732,20.277777777777775,13.454136500084735,-12.62516160253677
-23,-3002.3333333333335,11.71415490523865,-12.28788724874232,8.907164695893302,29.90509282713026,4.565037124545764,0.3156345100900085,-23.0,1.0360044853033805,1.2959061342403688,21.11111111111111,13.172477479033917,-12.308401503322107
-24,-3004.6666666666665,11.802026310858219,-12.178117010751192,8.958315987909542,30.84429807083511,4.574926186457208,0.7806522318543809,-24.0,1.3207640261515994,0.823819390164395,22.11111111111111,12.875127923043166,-11.97504378901865
-25,-3007.1666666666665,12.05256639957306,-12.151931481701235,9.022301443221204,32.03586793177067,4.528064878352942,1.131011640507374,-25.0,1.5523868127948575,0.49546703114819346,22.75,12.572207799048131,-11.804335333429174
-26,-3009.3333333333335,12.256966678898083,-12.238354982579247,9.004331917507892,33.16806206516663,4.475160109032082,1.365144817130856,-26.0,1.6431431953476252,0.2059844303043373,24.0,12.399483664349551,-11.712198348686206
-27,-3011.0,12.227177515153059,-12.17431381858559,8.9424614283122,33.944768454771314,4.475171679800964,1.5843554572568033,-27.0,1.8347735944633803,-0.11766299535769913,24.555555555555557,12.181727998003659,-11.515697707125078
-28,-3013.0,12.206491951868458,-12.067340441058377,8.906273194599727,34.923705662262314,4.448560970028221,1.8144994488051,-28.0,2.1147796970869757,-0.4230147562144531,25.555555555555557,11.848982975231287,-11.333661921122882
-29,-3015.0,12.179798432382801,-11.975447440124332,8.94549249799037,35.93836429713591,4.40665595941775,2.0304385718113394,-29.0,2.400183479533487,-0.6307369880282576,26.5,11.468116187925355,-11.238532171117372
-30,-3017.0,12.254367186169155,-11.912104844413259,9.112582869841608,36.904713854171405,4.345518292358244,2.2047455233557005,-30.0,2.6534939663659247,-0.6483187030367691,27.555555555555557,11.067790074304506,-11.28818574715089
-31,-3019.3333333333335,12.466648928209006,-11.895715917432954,9.335725413557673,38.029180082883464,4.282830092583444,2.379472462077755,-31.0,2.864408193415251,-0.6051448664074824,28.5,10.676621651080664,-11.405822022137444
-32,-3021.6666666666665,12.658896754849295,-11.876248962953307,9.440554009167164,39.20879954377064,4.245031369638645,2.485872615426802,-32.0,3.0372691456278003,-0.6270581626489907,29.38888888888889,10.335937399485973,-11.484846777216314
-33,-3023.6666666666665,12.775097949540038,-11.910332454744927,9.342386119866617,40.282269981624886,4.195744437150013,2.476680233939206,-33.0,3.1135639685516523,-0.7375728746973597,30.333333333333332,10.13320094271146,-11.518006075998466
-34,-3025.5,12.855584843309712,-11.94722150353831,9.166184487674107,41.32445425462822,4.149689067179274,2.4761877970064443,-34.0,3.185108937571971,-0.9334092522652019,31.166666666666668,9.981847098228757,-11.477900946367882
-35,-3027.5,12.937644296482247,-11.949383439186496,9.048830322431924,42.458451580200354,4.117616639731817,2.5356477480973783,-35.0,3.3166276997681767,-1.131643520066293,32.166666666666664,9.764184091865504,-11.41932889200332
-36,-3029.3333333333335,12.981890498755694,-11.91801474832235,9.022215351384558,43.44772278109918,4.077925759648714,2.632075428404692,-36.0,3.5048710662738807,-1.2585212141441244,33.166666666666664,9.483541940624276,-11.367525037112648
-37,-3031.3333333333335,13.034550678045159,-11.877361640733788,9.023337671124386,44.558652247474555,4.014767547612411,2.687031711427993,-37.0,3.7078244007630925,-1.309172252291151,34.111111111111114,9.134501363183004,-11.381916148349331
-38,-3033.3333333333335,13.154341147252191,-11.806609656595464,9.080753236257928,45.718660896515324,3.947099531524026,2.738354621964934,-38.0,3.9434254858904665,-1.2917779420108093,35.166666666666664,8.726314123932534,-11.421732599596849
-39,-3035.0,13.240780372787631,-11.765018423441674,9.136243975269519,46.73420359175677,3.879079650443408,2.8017356474423956,-39.0,4.1545426700735675,-1.2771805842497408,36.166666666666664,8.358877105746407,-11.446242377634832
-40,-3036.8333333333335,13.329081770065883,-11.757235144213476,9.157034074234403,47.87487479022213,3.804255465186754,2.866372844862355,-40.0,4.344479077004723,-1.2945764503654038,36.72222222222222,8.007935074343449,-11.466545082175665
-41,-3038.3333333333335,13.354818581894465,-11.725451813604735,9.102413928243047,48.82492086458003,3.756173879733222,2.955942851716056,-41.0,4.538686769679086,-1.416521045839832,38.0,7.746067365773861,-11.376147983477901
-42,-3039.8333333333335,13.339415132573818,-11.636078591532417,8.990647426828263,49.80257482914228,3.6983395502524608,3.089852556343446,-42.0,4.835275819190744,-1.6200228379571016,38.833333333333336,7.44631377272673,-11.15975056246277
-43,-3041.5,13.367962727286317,-11.534226731042134,8.94755826975547,50.92338738133009,3.6038704464451015,3.199415440588275,-43.0,5.170035162917333,-1.707395529310631,39.666666666666664,7.033615095191455,-11.012634810637039
-44,-3043.1666666666665,13.458127825815106,-11.490579627818784,9.006023244714948,52.075506948240935,3.4873986080285455,3.24990837468275,-44.0,5.424460262547467,-1.6259359344175512,40.833333333333336,6.5866107069758835,-11.030609585879624
-45,-3044.8333333333335,13.549952310012593,-11.470949642736239,9.001102846695058,53.232712398302,3.371742642621582,3.2244998457442917,-45.0,5.601137235806505,-1.5448580922288004,41.833333333333336,6.205572765367223,-11.090655448691642
-46,-3046.1666666666665,13.598563629412615,-11.467543390799804,8.877035414251731,54.15194574028502,3.29253746716716,3.1526361669860905,-46.0,5.687606373845914,-1.5660809531763793,42.666666666666664,5.993935944931272,-11.105281146554674
-47,-3047.6666666666665,13.624936293896761,-11.456245344847519,8.736285555553273,55.19009403782036,3.2243834554318624,3.0993093518015797,-47.0,5.79383487555518,-1.6251801400280634,43.666666666666664,5.765402816608908,-11.087565020172832
-48,-3049.3333333333335,13.668492972724493,-11.403388821688997,8.65208282536384,56.31488007967986,3.14599682109329,3.045546806044951,-48.0,5.9498773084560215,-1.6182739961088008,44.666666666666664,5.447386377501587,-11.08512363593966
-49,-3051.1666666666665,13.776560227722351,-11.365513232531134,8.581212635255453,57.485441909018085,3.0501063391483494,2.992340248719932,-49.0,6.0982537344110215,-1.5841530505241226,45.611111111111114,5.122053683180213,-11.098681312060704
-50,-3053.0,13.915356547088294,-11.42469800107253,8.460744379172523,58.61618724594674,2.979049773115028,2.9568906823987837,-50.0,6.1362791356599615,-1.6293834887615561,46.666666666666664,4.94221002730446,-11.125382099910789
-51,-3054.8333333333335,14.030144389977664,-11.468142556242846,8.274050886638951,59.73951033340706,2.9553856757758123,2.920440078339451,-51.0,6.158535037927648,-1.7718723463909434,47.5,4.8376242224755055,-11.095083959107258
-52,-3056.6666666666665,14.12664741214841,-11.458440651232161,8.09434415039644,60.84437267098813,2.963089562195315,2.886111990343778,-52.0,6.210859644451041,-1.931336028867542,48.666666666666664,4.728884287782145,-11.03086880192456
-53,-3058.3333333333335,14.206259892506806,-11.435792086779529,8.05307296896394,61.83731725148615,2.970683384323081,2.9394728506745067,-53.0,6.33250651143391,-2.011835901757995,49.333333333333336,4.536089072468813,-10.95883554909934
-54,-3060.0,14.233513750786585,-11.372336911864332,8.091746630969034,62.863914705776416,2.989879008054858,3.0900626743655173,-54.0,6.571947754249777,-2.081094369108374,50.166666666666664,4.242940566621455,-10.80687044044658
-55,-3061.6666666666665,14.223749510273223,-11.292189091087762,8.11991199747078,63.92517633245876,3.009373585062015,3.325144026168587,-55.0,6.901418297431391,-2.209804347130451,51.333333333333336,3.9337544479924715,-10.546982473210894
-56,-3063.1666666666665,14.214735485701311,-11.220198154605411,8.076070369647182,64.91159699901233,3.0061027208733564,3.5512542951474377,-56.0,7.228901813192494,-2.3805225213589836,52.166666666666664,3.683010072114646,-10.248956597178369
-57,-3064.8333333333335,14.2378191706321,-11.141275137116713,7.952429413966328,65.99952942995033,2.9879406982883374,3.7808548252476455,-57.0,7.5866484502040095,-2.611142963060129,53.333333333333336,3.461923680981469,-9.888799231076307
-58,-3066.3333333333335,14.273879189729607,-11.059104153567858,7.81667494364893,66.95786025024817,2.97189262499624,3.9656819831707684,-58.0,7.9012155868783625,-2.8241523232090167,54.0,3.291815390627859,-9.56310612109514
-59,-3067.8333333333335,14.323331385885814,-11.008268605453445,7.804346260557254,67.90253131167266,2.951464112712712,4.125947343892434,-59.0,8.16814066235249,-2.8896507360333907,55.0,3.044160166122513,-9.356153079397773
-60,-3069.8333333333335,14.377961503917783,-10.956192840236374,7.883121943772166,69.1494502923449,2.9085039117524594,4.258641659826108,-60.0,8.45345394268152,-2.8141642333963577,56.333333333333336,2.629344401056518,-9.220615440701293
-61,-3071.5,14.404330617229519,-10.930607207288295,7.879312664409718,70.16245519631826,2.847032309210133,4.300264147245984,-61.0,8.629822140786901,-2.755605046977595,57.0,2.330560515435749,-9.148805970647123
-62,-3073.1666666666665,14.446566001939525,-10.900702336022569,7.761978863687915,71.16004920669018,2.7655601886258387,4.28026385709286,-62.0,8.76466739198491,-2.7575041701914245,58.0,2.114351485328853,-9.070311541469131
-63,-3075.1666666666665,14.530989220362551,-10.861318716785965,7.568517593846846,72.34344111091785,2.6774783178045802,4.183404848921687,-63.0,8.854781670780573,-2.781824776858518,59.0,1.919758767094563,-9.015593487406996
-64,-3077.1666666666665,14.62089461321169,-10.834831718010692,7.439831307534166,73.4956567011836,2.61315201265942,4.017229407570593,-64.0,8.852362769501608,-2.7276560793665947,60.0,1.712194835136101,-9.075565509074552
-65,-3079.0,14.683798691035472,-10.818428234148968,7.452880007011675,74.49265121297833,2.5683355122619655,3.9432293936762974,-65.0,8.895456666521275,-2.602305328562149,61.0,1.4403497744416445,-9.127904418396591
-66,-3080.8333333333335,14.75419405237696,-10.835843502353674,7.434925074786311,75.47511595347133,2.5093344439220977,4.016897362935511,-66.0,9.036982639340131,-2.567880492272793,62.0,1.2021379633802673,-9.04255138656265
-67,-3082.8333333333335,14.828790633646998,-10.841853601811257,7.248945806237148,76.57917982317501,2.4573175260407587,4.102884171084737,-67.0,9.205505730188264,-2.7041876012694637,63.0,1.084957778886021,-8.847497966739306
-68,-3085.0,14.905014179491225,-10.791379110130302,7.104401051778791,77.76845430101564,2.43328459472321,4.181595339894912,-68.0,9.415281715439633,-2.8116772692672822,63.888888888888886,0.9213662211370975,-8.631509588467415
-69,-3087.1666666666665,14.951936134332648,-10.70980089872342,7.1980510789302805,78.93957736898416,2.4100815263054334,4.285041016375909,-69.0,9.678360092537439,-2.6870694672175035,65.0,0.5319718182917831,-8.463191921187686
-70,-3089.1666666666665,14.98828819025645,-10.654457502052272,7.2638230066263505,80.00937423515207,2.4080195540263567,4.4369978744073455,-70.0,9.945035331981412,-2.6296480279355734,66.0,0.21890832747381403,-8.25058171493639
-71,-3091.0,15.03993848208639,-10.635935075934157,7.238766403098308,80.9777391045908,2.4162927630759765,4.644273006212935,-71.0,10.213756275696149,-2.6950715242900025,67.0,0.04273779167679289,-7.980931862866211
-72,-3092.8333333333335,15.108130440245652,-10.622936571605653,7.156405595198762,81.94176982659678,2.4229406210224367,4.867610019083041,-72.0,10.493278443846814,-2.816465759826675,67.83333333333333,-0.07387762801848274,-7.677022703393747
-73,-3094.8333333333335,15.186323912272762,-10.627691568640781,6.978277209662507,82.98816487025498,2.4418584465936632,5.0783474118450185,-73.0,10.747027390183812,-3.0288501421422622,68.66666666666667,-0.09785514417225398,-7.361798573257173
-74,-3097.0,15.27055364961516,-10.62751047663995,6.797478265124181,84.09239048168217,2.474384904874636,5.276774079104463,-74.0,10.995260477337245,-3.240798745755947,69.55555555555556,-0.1163665432963985,-7.052441748194167
-75,-3099.3333333333335,15.401096109255628,-10.632089711343026,6.783756345478541,85.23410367224591,2.5022590473331476,5.437336957776893,-75.0,11.206425765059622,-3.261678277505398,70.55555555555556,-0.2912552403690639,-6.842252312859127
-76,-3102.0,15.565384940745433,-10.647288650415275,6.898491897720457,86.4528468207792,2.545044225459238,5.484273252589059,-76.0,11.297902119175935,-3.122905210975647,71.77777777777779,-0.5769156007185526,-6.79310760454661
-77,-3104.8333333333335,15.780153836335467,-10.745459213636307,6.918227505656326,87.67048654728143,2.637772006302512,5.497079122563935,-77.0,11.255960997011533,-3.11909487217723,72.8888888888889,-0.6888616946718648,-6.823271425066682
-78,-3107.8333333333335,16.03143403624698,-10.865451167959245,6.770587643983,88.90752784589267,2.7354137702423107,5.5426945097713585,-78.0,11.222732845665625,-3.2967869582821745,73.80555555555556,-0.6277740649234899,-6.792139122426584
-79,-3111.1666666666665,16.28975599092434,-10.922729535510195,6.8077950409304995,90.18522687058146,2.78952353812898,5.699355032229267,-79.0,11.374008174702311,-3.2720188213335253,74.80555555555556,-0.8116190899215024,-6.639923673372223
-80,-3114.5,16.49475654714714,-10.936391341194716,7.009139953645722,91.34223133987886,2.825443240524803,6.009110576731977,-80.0,11.719941267955129,-3.1037700771309225,75.80555555555556,-1.1710531750352466,-6.331727228155359
-81,-3118.5,16.738850113421833,-10.94725246616512,7.061151982953427,92.58719255141045,2.801096306501883,6.2835336365986185,-81.0,12.055493562901283,-3.001420786241852,76.64999999999999,-1.455752891108179,-6.009308235803808
-82,-3123.5,17.057546603271167,-11.068801998624346,6.9118448558243,93.97378265375107,2.7701350200939756,6.306553070280998,-82.0,12.041376068271697,-3.0240369773806006,77.75,-1.5409729835466761,-5.990976450128748
-83,-3132.1666666666665,17.729576376229208,-11.222656075595923,7.047049770271193,95.71336410516805,2.719479503434158,6.434497777282217,-83.0,12.096775395394303,-2.7613870255648805,78.85185185185185,-1.9206258945392418,-5.957537492828659
-84,-3398.0,18.06370058898975,-11.982606503415603,7.227922863028351,96.58838424387858,2.6146341348656748,6.271432450885956,-84.0,11.237311964480071,-2.3983986077006447,79.33333333333334,-2.1789649605377273,-6.852245185747293
-85,,,,,,,,,,,,,
-86,,,,,,,,,,,,,
-87,,,,,,,,,,,,,
-88,,,,,,,,,,,,,
-89,,,,,,,,,,,,,
-90,,,,,,,,,,,,,
-91,,,,,,,,,,,,,
-92,,,,,,,,,,,,,
-93,,,,,,,,,,,,,
-94,,,,,,,,,,,,,
-95,,,,,,,,,,,,,
-96,,,,,,,,,,,,,
-97,,,,,,,,,,,,,
-98,,,,,,,,,,,,,
-99,,,,,,,,,,,,,
-100,,,,,,,,,,,,,
-101,,,,,,,,,,,,,
-102,,,,,,,,,,,,,
-103,,,,,,,,,,,,,
-104,,,,,,,,,,,,,
-105,,,,,,,,,,,,,
-106,,,,,,,,,,,,,
-107,,,,,,,,,,,,,
-108,,,,,,,,,,,,,
-109,,,,,,,,,,,,,
-110,,,,,,,,,,,,,
-111,,,,,,,,,,,,,
-112,,,,,,,,,,,,,
-113,,,,,,,,,,,,,
-114,,,,,,,,,,,,,
-115,,,,,,,,,,,,,
-116,,,,,,,,,,,,,
-117,,,,,,,,,,,,,
-118,,,,,,,,,,,,,
-119,,,,,,,,,,,,,
-120,,,,,,,,,,,,,
-119,,,,,,,,,,,,,
-118,,,,,,,,,,,,,
-117,,,,,,,,,,,,,
-116,,,,,,,,,,,,,
-115,,,,,,,,,,,,,
-114,,,,,,,,,,,,,
-113,,,,,,,,,,,,,
-112,,,,,,,,,,,,,
-111,,,,,,,,,,,,,
-110,,,,,,,,,,,,,
-109,,,,,,,,,,,,,
-108,,,,,,,,,,,,,
-107,,,,,,,,,,,,,
-106,,,,,,,,,,,,,
-105,,,,,,,,,,,,,
-104,,,,,,,,,,,,,
-103,,,,,,,,,,,,,
-102,,,,,,,,,,,,,
-101,,,,,,,,,,,,,
-100,,,,,,,,,,,,,
-99,,,,,,,,,,,,,
-98,,,,,,,,,,,,,
-97,,,,,,,,,,,,,
-96,,,,,,,,,,,,,
-95,,,,,,,,,,,,,
-94,,,,,,,,,,,,,
-93,,,,,,,,,,,,,
-92,,,,,,,,,,,,,
-91,,,,,,,,,,,,,
-90,,,,,,,,,,,,,
-89,,,,,,,,,,,,,
-88,,,,,,,,,,,,,
-87,,,,,,,,,,,,,
-86,,,,,,,,,,,,,
-85,,,,,,,,,,,,,
-84,-3676.0,20.264265752198913,-13.53291873241661,7.426506416251973,98.43360384755965,4.384428406177024,7.706509213122435,-84.0,10.750191062729963,-4.255347687769555,79.71428571428571,-0.28641062018873936,-6.984463659729122
-83,-4343.333333333333,22.49157915853759,-13.902586920919214,1.552419343329034,99.87440064331723,3.2443624217003215,8.352148552524051,-83.0,11.161216086650809,-9.239805327012485,78.54395604395604,4.639296138757361,-5.58334062152845
-82,-4403.22641509434,22.81702110725119,-14.270988866595706,2.5992013117675428,99.17494610666056,3.204261258733313,8.743821148808875,-82.0,11.093583592343542,-8.37832172977023,77.62400611873203,3.907113919428683,-5.770235392524657
-81,-4465.192307692308,25.31581453496503,-13.240811165071436,2.1600973072115335,100.7514161159002,3.9455189448278443,9.36575275004219,-81.0,12.474796348222418,-9.792570269578256,76.76083916083915,5.043993418732357,-4.04253519990135
-80,-4479.166666666667,27.271325280902698,-11.782411595996559,2.344561099617401,101.66914271545892,4.749191060283639,9.115961344498839,-80.0,13.376301681743362,-10.450553499867796,75.80555555555556,5.531657691944411,-2.917318548576811
-79,-4484.833333333333,28.956347178367064,-11.251080526425211,1.7601051261512595,102.24016215943169,5.186173136650058,8.63726956522425,-79.0,13.192952155337386,-11.467568739047481,74.67222222222222,6.614340276129329,-2.7206275065748096
-78,-4488.666666666667,30.470736980541158,-11.020961917523794,0.6971386504026822,102.71927595311989,5.273808920530411,8.497049609041026,-78.0,13.129713765927079,-12.695860076722346,73.55555555555556,7.857410199993256,-2.3113207792976276
-77,-4492.0,31.87362015148075,-10.722034603698383,-0.2764028943785955,103.17430450823046,5.243161012987299,8.377513487440021,-77.0,13.197855259272577,-13.71000062358886,72.55555555555556,8.84260826154123,-1.8031150218362753
-76,-4494.833333333333,33.26351086470947,-10.51452734327912,-0.9923138202760491,103.51132695430113,5.181372936311351,8.233483142880024,-76.0,13.147126145345242,-14.436248581416764,71.38888888888889,9.579897551192529,-1.4511437204283417
-75,-4497.333333333333,34.559539811919024,-10.43697129983346,-1.5443810913691982,103.79640059395713,5.127184336480396,7.990804619199456,-75.0,12.880533166056928,-14.962835548588657,70.44444444444444,10.188761691056419,-1.35045558873746
-74,-4499.833333333333,35.82215703890695,-10.2993492632608,-1.9199446341378577,104.04788808547845,5.066547031743763,7.7322610175711946,-74.0,12.663804940699777,-15.29094487715489,69.22222222222221,10.593731089391804,-1.2501240131426241
-73,-4502.166666666667,36.98779073683394,-10.154121420922023,-2.2312049912211185,104.24070163924951,5.020964446810596,7.566979985125333,-73.0,12.543042291464168,-15.589808309271987,68.16666666666667,10.935598226371278,-1.0666417010289149
-72,-4504.333333333333,38.08916418688921,-10.088282587053998,-2.490659655063103,104.39493798655269,4.989815836103176,7.456046546029814,-72.0,12.395165596100073,-15.862161537601173,67.27777777777777,11.25929319941316,-0.9123701761532556
-71,-4506.833333333333,39.31232354840924,-10.067755597740215,-2.811178644562881,104.54360569699195,4.9625557640703155,7.260708305878886,-71.0,12.10709014893896,-16.171230462465648,66.22222222222221,11.671640348896183,-0.8362074190394666
-70,-4509.166666666667,40.40877343191044,-10.041441626583103,-3.1352272051441816,104.63725268749768,4.966803042661792,7.065724375122611,-70.0,11.823802743683027,-16.498180206661885,65.0,12.098094502016359,-0.7486041746872601
-69,-4511.166666666667,41.35661341669036,-9.990040240452657,-3.2618155334656245,104.69676673362817,4.9740886262422315,6.904096832197685,-69.0,11.609429155666732,-16.6273526293264,64.27777777777777,12.316815071607145,-0.6975144790383897
-68,-4513.333333333333,42.358436613292405,-9.967996555426328,-3.3796165612930196,104.74220198335854,4.996505140385981,6.716998565278377,-68.0,11.328258942076877,-16.74857843973339,63.166666666666664,12.559859580802433,-0.6888928138954243
-67,-4515.5,43.41645439349778,-10.031047975408889,-3.4757719842785595,104.76176669193474,5.000771706861319,6.581471897182898,-67.0,11.008651616957673,-16.8549616167153,62.166666666666664,12.810312209157734,-0.694421023467509
-66,-4517.833333333333,44.544653825340625,-10.031720810996637,-3.5323791464426972,104.77314452829114,4.989110249838138,6.464830616954348,-66.0,10.764673563881056,-16.913421097177423,61.111111111111114,12.988062392131335,-0.6284590513766056
-65,-4520.166666666667,45.661138771737875,-9.902301598249112,-3.4853065802192944,104.79533567383193,4.984423861044141,6.2583357425302735,-65.0,10.572353825193323,-16.82023827353373,60.0,13.011277775801622,-0.5888745512720583
-64,-4522.166666666667,46.64573036552388,-9.839887300457493,-3.4584765905236687,104.80821188720297,4.988035592958483,6.048067945553203,-64.0,10.326204754160758,-16.738304006035445,59.0,13.073507216407473,-0.6176485257326784
-63,-4524.166666666667,47.60934390387015,-9.840619058418078,-3.4789304597964357,104.82474309113177,4.988980121634147,5.874297127406699,-63.0,10.05411019731783,-16.711199901704685,58.111111111111114,13.200936127846708,-0.6463465194382253
-62,-4526.166666666667,48.53891964848548,-9.862199696620605,-3.533542604095187,104.83621190598747,4.982083101180986,5.783149587909638,-62.0,9.841632521504451,-16.748471234572037,57.0,13.354581182651755,-0.5922584100925281
-61,-4528.333333333333,49.51628206048872,-9.89756730758718,-3.6448621164367494,104.85257866295251,4.981761428982827,5.661807630060316,-61.0,9.583966099257372,-16.829356918433522,56.111111111111114,13.570930867626501,-0.534274951449778
-60,-4530.666666666667,50.52118444858945,-9.939248445844909,-3.847076455552316,104.8715496836669,5.007456058176421,5.431157101342204,-60.0,9.213122134300491,-16.95569123599049,55.0,13.890731232853424,-0.5295079684451356
-59,-4533.166666666667,51.609859797671895,-9.976485485419103,-4.062601610208703,104.86940266556662,5.041819813201052,5.192560236640377,-59.0,8.824841252872552,-17.091160933895953,53.72222222222222,14.232028981609972,-0.49560306097734425
-58,-4535.666666666667,52.75345427802825,-10.008639160818648,-4.20557044743184,104.86945514062548,5.066562796969823,4.972531262493566,-58.0,8.459399154746146,-17.14750565584247,52.666666666666664,14.500894886129961,-0.46509839552669446
-57,-4537.833333333333,53.73878963695168,-10.02372483315775,-4.283186086532027,104.8666614360774,5.093128857253835,4.784641144437983,-57.0,8.157408627685006,-17.146389400731554,51.72222222222222,14.689684689206493,-0.45103124647018067
-56,-4540.0,54.70888525812577,-10.020240195108222,-4.306961481660577,104.85002607256327,5.115801348413328,4.6552086745818935,-56.0,7.92550826835425,-17.116907210221125,50.55555555555555,14.81676281398596,-0.3940162793334614
-55,-4542.166666666667,55.71221918730223,-10.026688231532658,-4.282778624383163,104.82734910838342,5.132334501865062,4.477908049070834,-55.0,7.650022205112351,-16.99903564010907,49.666666666666664,14.907159803231972,-0.41176759302290583
-54,-4544.166666666667,56.614185608702684,-10.02156265399391,-4.255692621120838,104.81193890135394,5.152707887360841,4.2470816050261275,-54.0,7.357685373357047,-16.837718711071314,48.72222222222222,14.980218210266122,-0.4966966712664537
-53,-4546.333333333333,57.579592040396655,-10.000792024352823,-4.204375418120674,104.78216488722346,5.180383453004847,4.039254656961327,-53.0,7.087922809712282,-16.66369304315633,47.55555555555555,15.036627517345579,-0.5508902725640628
-52,-4548.333333333333,58.47660826669506,-9.98854131312224,-4.11268217477284,104.74531038002196,5.208354671341773,3.8724867637611755,-52.0,6.850303302719195,-16.47088175335385,46.888888888888886,15.063285826034784,-0.6094510564762694
-51,-4550.166666666667,59.31702620403242,-9.958438298388469,-3.9931991916736496,104.69756119951764,5.240445296306057,3.6720748951109967,-51.0,6.612565247513523,-16.22336118833806,45.833333333333336,15.05698631269045,-0.7172252469163687
-50,-4552.166666666667,60.23580280369976,-9.925959025139472,-3.8640343580624887,104.63712618083416,5.274410213871216,3.4461029908360135,-50.0,6.352067581114177,-15.940230031927106,44.888888888888886,15.049326855052854,-0.8424050060056801
-49,-4554.333333333333,61.20611348283086,-9.913534524114013,-3.7434844376151166,104.56796864593578,5.31312287210296,3.2193838935396553,-49.0,6.065462863695186,-15.658429248969208,43.72222222222222,15.07096637704664,-0.969366052336231
-48,-4556.333333333333,62.10035072249118,-9.90726458562783,-3.6690569961394233,104.4994871185451,5.354810130132357,2.9824913295613853,-48.0,5.775540175898519,-15.411510790723606,42.888888888888886,15.126681293028264,-1.0909164051239697
-47,-4558.166666666667,62.93507179480631,-9.888646598694434,-3.638911141626442,104.42038624632859,5.387970169888111,2.7863015039666954,-47.0,5.543803081502481,-15.22621085635963,41.833333333333336,15.189388205131204,-1.137412116878961
-46,-4560.333333333333,63.93771709236938,-9.854376784001465,-3.6071449521756285,104.31031181671013,5.421264963671223,2.5584694650971618,-46.0,5.294335263775416,-15.000236453315338,40.55555555555555,15.249643513609678,-1.1698802560905903
-45,-4562.166666666667,64.76199887964457,-9.824903222047958,-3.5886843305256284,104.22334492541283,5.461300150862763,2.3063527196885345,-45.0,5.041540001521775,-14.77329844933891,40.0,15.313365442744194,-1.2566736464840824
-44,-4564.0,65.59676891491836,-9.790755211685244,-3.571612704378038,104.13715184855873,5.507625700023342,2.0211148197778837,-44.0,4.772361665328964,-14.515990483129507,38.888888888888886,15.378227736259534,-1.3713898448411372
-43,-4565.833333333333,66.43338306756579,-9.75925322371666,-3.5704584503827186,104.04293977081655,5.547864926490598,1.758713087899084,-43.0,4.52486031390266,-14.280187467768423,37.833333333333336,15.446915717771011,-1.450342925806804
-42,-4567.666666666667,67.27174627319953,-9.740403171643758,-3.569785035545151,103.94554686666636,5.590961605563986,1.4900700044247122,-42.0,4.266371693929529,-14.0323791725987,36.888888888888886,15.525337344438114,-1.541829252073082
-41,-4569.666666666667,68.19369169593513,-9.7217396768684,-3.563829626721887,103.83152394883012,5.649007323854559,1.179034289814557,-41.0,3.971541607850004,-13.738721558922578,35.833333333333336,15.616832841866133,-1.6623608324492618
-40,-4571.333333333333,68.97025164542548,-9.692490790703056,-3.547569199698932,103.72596362469322,5.707090234846997,0.9464232798665969,-40.0,3.752893441856789,-13.501361462286056,35.0,15.683666771807978,-1.733179946479562
-39,-4573.166666666667,69.81552906599048,-9.674048210089401,-3.52155386501178,103.6200296491927,5.778288602743378,0.7019055081456904,-39.0,3.504580005263708,-13.238704758222456,33.888888888888886,15.768459889842147,-1.8196349553609084
-38,-4575.166666666667,70.73442309428127,-9.658048786246399,-3.4844070236383957,103.51195191951655,5.8672990712483015,0.40098326694103553,-38.0,3.2115500017341074,-12.911585526645405,32.833333333333336,15.866947995222063,-1.9606706054792626
-37,-4576.833333333333,71.50612145074398,-9.643684513498583,-3.432049849738855,103.40347566045226,5.950386810563931,0.17585798308279435,-37.0,2.9798630320223083,-12.635349514483634,32.0,15.945016179891772,-2.0658796776784105
-36,-4578.5,72.29714401005099,-9.632487873860473,-3.3620549721240423,103.27944310495587,6.04476109009762,-0.01578606255707256,-36.0,2.7569191244141305,-12.365793490823563,31.333333333333332,16.0278454343551,-2.149634640992048
-35,-4580.333333333333,73.18876393699041,-9.612730404141086,-3.268746425832806,103.14485068729023,6.161853376093511,-0.2394242228915708,-35.0,2.5071125235982104,-12.039691410598067,30.0,16.11681579339809,-2.261191253214038
-34,-4582.0,73.98182973109562,-9.585406334731621,-3.1260159819658515,103.01673144119569,6.2776222180670125,-0.3876369522751315,-34.0,2.312966249020009,-11.731245029654195,29.166666666666668,16.170382517717105,-2.361141286355647
-33,-4583.833333333333,74.8332404583469,-9.559007376309868,-2.918260179340603,102.85462943258968,6.415395253884583,-0.4444308047401187,-33.0,2.143519906477762,-11.435289520133862,28.333333333333332,16.22000421583355,-2.4167006938103093
-32,-4585.666666666667,75.67892481712295,-9.52601304019036,-2.699418977024774,102.68121874816876,6.552303354439825,-0.5344131300980184,-32.0,1.9668083405788355,-11.090299406287711,27.166666666666668,16.26105223422261,-2.5152301842599525
-31,-4587.166666666667,76.38522982923253,-9.479302605795306,-2.4835491721886926,102.53944524412906,6.670814084658185,-0.6942612597312475,-31.0,1.7998623782915228,-10.688027769949864,26.166666666666668,16.26955708916266,-2.7065102391020432
-30,-4588.666666666667,77.0952799862376,-9.427861321010587,-2.269422231851092,102.39788298541113,6.797540547623618,-0.8848176515014133,-30.0,1.6207589476063833,-10.255362301926477,25.666666666666668,16.285756343593693,-2.92791126603784
-29,-4590.5,77.92754901361586,-9.379251848712572,-2.0684128658343157,102.21712833949353,6.956495696016717,-1.05560303024729,-29.0,1.4154531931520358,-9.840602466607725,24.333333333333332,16.351523495095307,-3.0967319289512596
-28,-4592.5,78.80967353755177,-9.353231319389801,-1.882896572900212,102.00479584680676,7.120661204587075,-1.1325427396743855,-28.0,1.2249598282388874,-9.515294173032094,23.333333333333332,16.45455724661369,-3.154788670195422
-27,-4594.166666666667,79.51724690123969,-9.336919959455615,-1.7298086069132725,101.8306339028873,7.2623699918533715,-1.1680465720615432,-27.0,1.0714507246496037,-9.273638709756176,22.5,16.551627697139335,-3.182480851264819
-26,-4595.833333333333,80.18251623034749,-9.28478626330361,-1.5649720314009892,101.66497333796995,7.404155965586835,-1.271350573555246,-26.0,0.9307329222197195,-8.95530072414762,21.833333333333332,16.611568181790318,-3.286396211707429
-25,-4597.833333333333,80.97364809255542,-9.214921387475243,-1.3482227833165776,101.45246945093356,7.58654078931081,-1.4512001369443837,-25.0,0.7385597555988088,-8.495297408496768,20.722222222222225,16.68537333305552,-3.4867851081742116
-24,-4599.833333333333,81.79385919666227,-9.156625308367458,-1.0873737902747698,101.23577170622569,7.76370174225706,-1.629653757369934,-24.0,0.5459431536915028,-7.976471214599921,19.833333333333332,16.75470423455882,-3.7321731384122097
-23,-4601.666666666667,82.568621867786,-9.116453322336026,-0.8439476406799344,101.04137429890552,7.918795254929274,-1.7782167876362933,-23.0,0.3741269644274728,-7.498104563942728,18.833333333333332,16.82715659163836,-3.951411663118529
-22,-4603.5,83.30387883305367,-9.10419587109828,-0.6596417740995452,100.8514872093039,8.072461256553366,-1.8350835578853288,-22.0,0.21053237590694648,-7.169607745848226,18.0,16.945922935409158,-4.039654338620015
-21,-4605.666666666667,84.09230277940297,-9.092613253538467,-0.5119315790838017,100.63445376066488,8.260695580074376,-1.8461282254873062,-21.0,0.029504655822788568,-6.916070607378717,16.88888888888889,17.116353752272524,-4.034130137240221
-20,-4607.833333333333,84.80209481810807,-9.07066634596685,-0.38347133151196927,100.44957565160531,8.436722005020334,-1.9031120481022594,-20.0,-0.14161522134352547,-6.64181893479827,16.0,17.26845056828763,-4.072259200975283
-19,-4610.0,85.50595530298001,-9.048393379177115,-0.2227309422968539,100.2828551736496,8.60099066749052,-2.012264541668689,-19.0,-0.31111993398622534,-6.2768407717588905,15.166666666666666,17.40042040510383,-4.199605790336855
-18,-4612.5,86.26381112398337,-9.041616170622207,-0.08757015754036603,100.14381733613448,8.77365718103268,-2.2212640790103158,-18.0,-0.5236223899276735,-5.826967914489255,14.527777777777779,17.5652899145262,-4.402199912531896
-17,-4615.166666666667,87.0155862547747,-9.060589892639955,0.055225478114679816,100.00838364348965,8.925830026148441,-2.4627470281508974,-17.0,-0.7416865928731733,-5.3248187161234135,13.333333333333334,17.734528408983483,-4.653464083879863
-16,-4618.0,87.85016055601157,-9.008612180698966,0.1598552189288964,99.8460185049067,9.103001687280818,-2.6231776455742133,-16.0,-0.8861162877993841,-4.924494783125888,12.555555555555555,17.874137680330538,-4.749653459380972
-15,-4620.833333333333,88.64597987997871,-8.972733994780496,0.3664212010436338,99.67064363905801,9.276706293535542,-2.585968883710937,-15.0,-1.0004634448452818,-4.623628515439499,11.611111111111109,18.005749578170782,-4.762856988922681
-14,-4623.666666666667,89.39683536924052,-8.933478304304987,0.695610815888745,99.51688152064219,9.433611312960828,-2.660556218764041,-14.0,-1.1143288002531462,-4.086739671597048,10.888888888888888,18.09616533294309,-5.026675823360346
-13,-4626.833333333333,90.21698420784196,-8.884190885299756,1.133186574743054,99.347895308036,9.577157934832607,-2.767386892083841,-13.0,-1.2039527809327375,-3.3840538914203964,9.916666666666666,18.15602898251377,-5.42312834409135
-12,-4629.666666666667,90.9367840428107,-8.878773201095202,1.4008041867105057,99.19794641618167,9.663743304490046,-3.048394805916851,-12.0,-1.300572017636086,-2.677318948544104,9.0,18.233316954499273,-5.845836553208393
-11,-4632.666666666667,91.66629786015106,-8.899344824717327,1.4489902849777048,99.07481816171116,9.728569588078516,-3.4525681309446963,-11.0,-1.4051789252501774,-2.0565272082016643,8.216666666666667,18.351139074377922,-6.170208758919497
-10,-4636.166666666667,92.39008114747604,-8.926828274253753,1.4876035801019383,98.94530197020326,9.805239855719014,-3.615833175256974,-10.0,-1.4911841089478355,-1.6954817779735263,7.216666666666666,18.49010058049768,-6.244682326930047
-9,-4639.666666666667,93.05699517340202,-8.965217930011532,1.4561373178345656,98.7962694132883,9.880369331073949,-3.883477806901985,-9.0,-1.5880075262285276,-1.29891067895354,6.488888888888888,18.64184221355045,-6.354810909432447
-8,-4643.333333333333,93.72005183280282,-8.994623485361672,1.398864792958402,98.54909955374336,9.954494089676238,-4.09064960876,-8.0,-1.6540915507955205,-0.9722588486441718,5.5,18.78390754595996,-6.358238712033349
-7,-4646.666666666667,94.39205807827106,-8.977149273541135,1.415709517016164,98.33233772102015,9.988775620447417,-4.546200223627693,-7.0,-1.6377159839820419,-0.31025321339337797,4.527777777777778,18.831627770689682,-6.685683399500104
-6,-4649.833333333333,94.97690780559213,-8.991411868370621,1.5951562439031954,98.15713765937386,10.00011572918545,-4.8782212736095945,-6.0,-1.6199523508500908,0.36265919139413394,3.722222222222222,18.87346965954858,-7.084943026047618
-5,-4655.333333333333,95.67665353927636,-8.983160489241294,1.622360153123819,97.92330561153149,10.040734847726347,-5.228271360321661,-5.0,-1.582156168954887,0.9324011043204391,2.8333333333333335,18.942704734491624,-7.312929545702583
-4,-4335.5,95.31257836529679,-9.01726008520128,0.42693765476046686,96.823716852611,10.121383941429631,-5.693000536151221,-4.0,-1.628780159067019,0.36607191012227314,1.75,19.124054802048114,-6.3976254504992225
-3,-4341.0,96.08439833947125,-9.105777485737644,0.3416953348402286,96.60129877926126,10.127748282268616,-5.841129479421667,-3.0,-1.621005975302341,0.6246263319116899,0.625,19.231711210080753,-6.291389086214277
-2,-4005.0,97.56136967712659,-9.201020918334816,2.9203019633345733,96.81188626935231,10.135900346076781,-4.739854070719769,-2.0,-1.634267477371725,2.2730331505075343,0.2,19.350281625551894,-7.707790857413068
-1,-4012.5,98.11125022207901,-9.299259610748614,3.030378339336969,96.67696587273792,9.944117053139223,-4.772155498954197,-1.0,-1.4783392121389844,2.53395366009491,-0.4,19.291394935690445,-7.736399324020577
0,,,,,,,,,,,,,
1,,,,,,,,,,,,,
2,,,,,,,,,,,,,
3,,,,,,,,,,,,,
4,,,,,,,,,,,,,
5,,,,,,,,,,,,,
6,,,,,,,,,,,,,
7,,,,,,,,,,,,,
8,,,,,,,,,,,,,
9,,,,,,,,,,,,,
10,,,,,,,,,,,,,
11,,,,,,,,,,,,,
12,,,,,,,,,,,,,
13,,,,,,,,,,,,,
14,,,,,,,,,,,,,
15,,,,,,,,,,,,,
16,,,,,,,,,,,,,
17,,,,,,,,,,,,,
18,,,,,,,,,,,,,
19,,,,,,,,,,,,,
20,,,,,,,,,,,,,
19,,,,,,,,,,,,,
18,,,,,,,,,,,,,
17,,,,,,,,,,,,,
16,,,,,,,,,,,,,
15,,,,,,,,,,,,,
14,,,,,,,,,,,,,
13,,,,,,,,,,,,,
12,,,,,,,,,,,,,
11,,,,,,,,,,,,,
10,,,,,,,,,,,,,
9,,,,,,,,,,,,,
8,,,,,,,,,,,,,
7,,,,,,,,,,,,,
6,,,,,,,,,,,,,
5,,,,,,,,,,,,,
4,,,,,,,,,,,,,
3,,,,,,,,,,,,,
2,,,,,,,,,,,,,
1,,,,,,,,,,,,,
0,,,,,,,,,,,,,
-1,-4027.5,97.99909218644156,-9.45438955539318,2.3799561043976816,96.82144116232251,9.640845101178332,-5.5145052793222975,-1.0,-1.3161715405364711,2.6107106879514346,-0.09090909090909091,19.127752362640344,-7.82858791902045
-2,-4045.0,97.6155737168766,-9.558030493384788,2.1935466539608695,97.26414426300938,9.469567347745631,-5.747017076863535,-2.0,-1.3229950730811515,2.5239380216384646,0.38461538461538464,19.026488633647116,-8.00557159578071
-3,-4377.25,96.59826452937092,-9.340834795697244,1.0892865353243746,97.37759814792273,9.613186365438384,-6.376449198136848,-3.0,-1.356992712046723,1.8861181199891828,1.161111111111111,18.93447728287982,-7.660220058550623
-4,-4392.5,96.14284450833041,-9.385520754999867,0.591824806653779,97.97293701007449,9.506915946415612,-6.523541789062489,-4.0,-1.4158254036708593,1.3614807695461764,2.142857142857143,18.87309941855964,-7.463280657498217
-5,-4708.166666666667,96.29880829619492,-9.205399942088752,1.8025418259106203,98.7737657044092,9.629151998596614,-5.8753599215432715,-5.0,-1.4224877519491461,1.7678064274163654,3.154166666666667,18.7368765081131,-8.195197511324457
-6,-4719.333333333333,95.55917351033797,-9.121687449250727,1.694036520815535,99.0101456502273,9.634420745992658,-5.738996643360998,-6.0,-1.4356733871268872,1.33752397689058,4.234671646436352,18.625553856564164,-8.100417696907554
-7,-4728.5,94.82987240899548,-9.015797345723545,1.674092542126355,99.17705285831151,9.628895984190676,-5.620804851867678,-7.0,-1.401706702382543,1.027962667646232,5.088888888888889,18.477533847622045,-8.09879448543642
-8,-4734.833333333333,94.09772201893476,-8.944366645762502,1.575603671263291,99.29165747833243,9.597104564103066,-5.327535806616549,-8.0,-1.353387712583764,0.46609936994993806,5.833333333333333,18.344941442614473,-7.830846036017753
-9,-4740.0,93.4192767157435,-8.919656502490092,1.5873327354036875,99.36676859296831,9.578363220199808,-4.7306926187539355,-9.0,-1.3218958062584998,-0.2879706965489827,6.761904761904762,18.261118403504025,-7.361502449063027
-10,-4745.166666666667,92.68997589456215,-8.927028809079296,1.6691533215370296,99.42042462023807,9.542413557301584,-4.110347193539291,-10.0,-1.286323749715608,-0.9987337891329813,7.472222222222221,18.183067158722597,-6.948923532189714
-11,-4750.166666666667,91.95355181501269,-8.914151549010569,2.0584984353029587,99.46754976787292,9.496859764736893,-3.603043495196873,-11.0,-1.2128920148370919,-1.2800440887301627,8.571428571428571,18.03321320126908,-6.9685087832576285
-12,-4754.166666666667,91.23171485210509,-8.91580663632615,2.1410999878166517,99.47766112113568,9.455907384246084,-3.0282473249281363,-12.0,-1.1293326226994147,-1.9264343984240646,9.333333333333334,17.939948987639813,-6.5928234850243825
-13,-4757.833333333333,90.39636569054385,-8.970995781672057,2.098464749319125,99.46666378288221,9.407396459593128,-2.377242190715559,-13.0,-1.0626207467687967,-2.7882647350617824,10.116666666666667,17.90263071032654,-6.034379658042687
-14,-4761.666666666667,89.51116627755586,-9.031736220447506,1.8869556485499004,99.41550901968668,9.339248847907829,-1.8607284729636975,-14.0,-0.9826309013681347,-3.6729220620930434,10.883333333333333,17.880357508439214,-5.438531949390966
-15,-4764.833333333333,88.69539460864347,-9.096985697996368,1.7081339714948218,99.38016101178424,9.26527408316163,-1.4269880719172645,-15.0,-0.8988670906256191,-4.423973948942872,11.777777777777779,17.85473029303161,-4.95214614643326
-16,-4767.5,87.85899252368357,-9.139855996670454,1.6066657433434133,99.3482196360513,9.190478535284058,-0.9431602275005807,-16.0,-0.7672851043481647,-5.147962958041496,12.388888888888888,17.794022587109925,-4.49654761071706
-17,-4770.5,87.00515211239076,-9.21225428082983,1.587312083001531,99.36962394099498,9.085636919321468,-0.647034840544879,-17.0,-0.6567754328125472,-5.594596227389953,13.472222222222221,17.711436739907874,-4.333142973285802
-18,-4773.666666666667,86.14444474526857,-9.376377678153126,1.5520922744161438,99.39157319030285,8.959944229640385,-0.20866514449743198,-18.0,-0.5740258876931729,-6.194068473237958,14.222222222222221,17.697314207184338,-4.036252196252209
-19,-4776.333333333333,85.26483515685136,-9.477166112256,1.4187686510975397,99.40368067047645,8.855552165733295,0.18101703279771905,-19.0,-0.4451514674645387,-6.840794124876761,15.111111111111112,17.666976795854577,-3.677127574443818
-20,-4778.833333333333,84.42813476011689,-9.540885337832215,1.1645869278818997,99.43828990146217,8.735844162056333,0.3147708632741996,-20.0,-0.3204435736134524,-7.333016543957133,15.888888888888888,17.619544498046213,-3.441248800154798
-21,-4781.333333333333,83.64927054619777,-9.635367877658132,0.8948728342204572,99.49423310910167,8.598459519827498,0.5085135161378457,-21.0,-0.18747105286416973,-7.8842764258977445,16.666666666666668,17.59598233668737,-3.137791103736864
-22,-4783.833333333333,82.77199286640217,-9.773053738957374,0.7078396723844845,99.55999364917805,8.473883833148564,0.900283518037244,-22.0,-0.03579079922525393,-8.563540495122643,17.666666666666668,17.600346302202393,-2.7560907605465217
-23,-4786.0,81.89284904348739,-9.867620616326766,0.5899632000869368,99.58479931909989,8.38449127519449,1.3560762602841627,-23.0,0.15583202840415802,-9.233510597114803,18.666666666666668,17.580067652561937,-2.3624402768282784
-24,-4788.166666666667,81.08340369408606,-9.926193260027242,0.49931433398487496,99.65053764946306,8.287566491265336,1.5655531216527745,-24.0,0.3213306092433923,-9.616318810924222,19.416666666666668,17.51118447113951,-2.2279473329610604
-25,-4790.333333333333,80.3345930014114,-9.97759049237308,0.4986126128888944,99.769026479373,8.18254677292513,1.802493984806766,-25.0,0.5161608054225351,-9.925819274206217,20.5,17.3967327347217,-2.1519687682131683
-26,-4792.166666666667,79.59621546641253,-10.019093348292719,0.6555636247144384,99.88704893584311,8.084705636084005,2.2267421673111545,-26.0,0.7907456481620585,-10.253148544480132,21.333333333333332,17.22171152700412,-2.037654854107308
-27,-4794.166666666667,78.67190868633139,-10.090028438445035,0.7865045182701351,99.97444873610648,7.998367237350613,2.7496240152217184,-27.0,1.0911525095841659,-10.716007177782037,22.333333333333332,17.076724759229705,-1.8350535745818524
-28,-4795.833333333333,77.91299230408534,-10.180302204382114,0.7423686704959936,100.06215281974745,7.933491656900408,2.984983239271997,-28.0,1.2378929542075248,-11.057430055871675,23.166666666666668,17.044674571850308,-1.731222190314601
-29,-4797.666666666667,77.17849151600133,-10.313488771222216,0.6563467050206091,100.21829524522052,7.854497650087459,3.020702720196608,-29.0,1.2844145667325781,-11.244127126534721,24.11111111111111,17.04860775897194,-1.814226326389883
-30,-4799.833333333333,76.28375351011802,-10.460161606434937,0.6796689511467755,100.41798959436231,7.750465987744232,3.1111639257743717,-30.0,1.3875884703616796,-11.378461528301331,25.333333333333332,16.974544147293816,-1.9894803524191165
-31,-4801.5,75.55756973034406,-10.555048791631593,0.6927751381831005,100.55460216135522,7.663636417619916,3.3105814580292434,-31.0,1.553563469699739,-11.600594219631864,26.166666666666668,16.890839725983152,-1.9871108388165488
-32,-4803.0,74.8385134528088,-10.634837809841086,0.5237116318227812,100.67608016872494,7.589165912569887,3.5250563122334753,-32.0,1.733391673073962,-12.014922273749258,27.0,16.887097529460192,-1.7909985232056183
-33,-4804.666666666667,73.98642613264354,-10.723459924175438,0.1978000975519455,100.83993133282286,7.528329183867048,3.658302380122379,-33.0,1.8791994427162662,-12.52746493353412,28.0,16.963685007406323,-1.5689458054368206
-34,-4806.333333333333,73.14836403201211,-10.805174855165665,-0.06314145406328273,101.01651538510504,7.485946746494378,3.795874753806533,-34.0,2.024056395025278,-12.981337955065982,28.833333333333332,17.026090595576512,-1.4046635609114728
-35,-4808.0,72.34097066408769,-10.880303802066146,-0.21500327334267044,101.16220348205191,7.4433947309404465,4.0808028169032715,-35.0,2.2489894060960314,-13.445944873450797,30.0,17.03710875966007,-1.1829247197104098
-36,-4809.5,71.64724296866457,-10.979905697623279,-0.37466068521782797,101.2873271698412,7.401235499858124,4.320106058513727,-36.0,2.4156379140623687,-13.86079548828962,31.0,17.087229584707785,-0.9934137873242924
-37,-4811.166666666667,70.85376390928172,-11.058946295761777,-0.5235565893142786,101.45033549844173,7.355632278477746,4.447097057254078,-37.0,2.5711699096901994,-14.166782587909843,31.666666666666668,17.098263820439296,-0.9425364844624634
-38,-4813.0,69.99842580949371,-11.109866743124861,-0.6279368553360448,101.62029033625117,7.323620837631471,4.51223416946197,-38.0,2.7201209221591953,-14.379418895028698,32.888888888888886,17.06809315421097,-0.9920136781134009
-39,-4814.666666666667,69.26994266884184,-11.18021018319898,-0.6673544279596889,101.74566916967815,7.305444285088996,4.645305936233133,-39.0,2.8547776815621777,-14.578175438897603,33.5,17.04766435724955,-1.014344261547541
-40,-4816.333333333333,68.45311484258868,-11.260270932380289,-0.7261543527890465,101.86348968319494,7.263942109291946,4.848282597684628,-40.0,3.058694507184981,-14.841828349617183,34.666666666666664,17.01304687623929,-0.9700691738383509
-41,-4818.0,67.60832696850338,-11.322799262480729,-0.842339023093524,102.01336833975502,7.22088221086426,4.894922732212802,-41.0,3.20150831065259,-15.02733642266798,35.5,16.98670896711447,-1.0338741053061973
-42,-4819.666666666667,66.76972812421442,-11.392851919389486,-1.0228475049249781,102.16790561568148,7.191306151824826,4.87913864658901,-42.0,3.2879275513578343,-15.229406984136077,36.666666666666664,17.017643390819504,-1.114073822491392
-43,-4821.5,65.85979210398753,-11.423467752117546,-1.2106379141121537,102.33208137752216,7.167833604034442,4.8688433314381765,-43.0,3.4248229153482534,-15.446191772049085,37.5,17.02072489379822,-1.1763684249252675
-44,-4823.166666666667,65.04770175762444,-11.417198040931325,-1.284751866327742,102.47662516576072,7.14638520161989,5.040334779983444,-44.0,3.694424181184344,-15.68523734113792,38.5,16.93897748619283,-1.1078250363049646
-45,-4824.833333333333,64.20154215902689,-11.44383003947888,-1.310009946250004,102.60297410210819,7.124402254437325,5.3972800489943005,-45.0,4.060219662273474,-16.01387873817556,39.666666666666664,16.84821671841289,-0.9171426174261562
-46,-4826.333333333333,63.41186918467647,-11.473968546461997,-1.3262457483910526,102.7081050450372,7.101896259699803,5.681269224674575,-46.0,4.371403204605609,-16.264690760630973,40.666666666666664,16.760733665706145,-0.7946971749665116
-47,-4827.833333333333,62.6278243769712,-11.5153560599421,-1.3680457223913047,102.8193413436556,7.079683016411025,5.759144302984528,-47.0,4.53892662392656,-16.37584804641644,41.333333333333336,16.696325014678422,-0.8662394524541258
-48,-4829.833333333333,61.58552860215456,-11.572909412369938,-1.5109230783628371,102.97516009817934,7.058350342041128,5.646688653823383,-48.0,4.607634610124421,-16.449694817913755,42.666666666666664,16.675207430310284,-1.1139197256172693
-49,-4831.666666666667,60.63753244076065,-11.601792779158245,-1.6968842197582088,103.10115612125473,7.044520505734044,5.560573445025544,-49.0,4.695660229663505,-16.58585987458795,43.666666666666664,16.68412285001077,-1.2647842676422325
-50,-4833.5,59.694725528920706,-11.623361400483637,-1.8706015796503577,103.19068808103141,7.027693002195504,5.70852287098741,-50.0,4.9520550218379435,-16.87269484094369,44.666666666666664,16.682047807497593,-1.1810071635446997
-51,-4835.0,58.89770956937823,-11.646182889143516,-2.0165247195921485,103.26738718193934,7.004297858055384,5.933893599443981,-51.0,5.246098709519415,-17.172788614164684,45.333333333333336,16.67336304543615,-1.0144874081328046
-52,-4836.333333333333,58.18508765510777,-11.667030369379946,-2.153547674989282,103.35993343864475,6.973590413039774,6.025456384772448,-52.0,5.441792919145262,-17.357056679427544,46.666666666666664,16.659027932326037,-0.978454763916945
-53,-4838.166666666667,57.2003435888029,-11.660389643986742,-2.318001874319872,103.4974364648511,6.947722168483267,6.069144406351938,-53.0,5.677651732656408,-17.53527410286564,47.5,16.612600804076504,-1.0062281873057446
-54,-4840.0,56.25898875939844,-11.595149576457885,-2.3606187645690433,103.6097591859557,6.928580682784495,6.178803053090522,-54.0,6.006695484708285,-17.633373018770147,48.666666666666664,16.45181511584125,-0.9961214391331085
-55,-4841.833333333333,55.370227653376425,-11.539881561024584,-2.3121443514175835,103.71969503272662,6.890723591233389,6.2553266656367255,-55.0,6.304869745180099,-17.598774094668617,49.5,16.21624431810246,-1.075566406701273
-56,-4843.833333333333,54.40640971377047,-11.508595952207775,-2.294238456222803,103.84344290234792,6.836496278774035,6.200623674388441,-56.0,6.502005568801782,-17.491189112842097,50.72222222222222,15.989091566392055,-1.294910261980078
-57,-4845.833333333333,53.43797615030274,-11.411052162904452,-2.293901625396492,103.91941756157314,6.785874368518262,6.273122466345445,-57.0,6.85308324278327,-17.4785611336581,51.888888888888886,15.742049604256172,-1.3108083082687283
-58,-4847.833333333333,52.44949962820116,-11.294683891343844,-2.293335593166772,103.96317145018533,6.706372034528942,6.617522978618403,-58.0,7.456303607968761,-17.60224667852631,52.666666666666664,15.456257543878948,-1.0307108688124942
-59,-4849.833333333333,51.5350161951125,-11.267835172374538,-2.3444929610322043,104.05845532170612,6.609844596090337,6.742040429884814,-59.0,7.803044009466753,-17.62151209678999,53.888888888888886,15.250886702690993,-1.004642140496992
-60,-4852.0,50.596105065124526,-11.235921188822731,-2.4147161372058847,104.18460979141491,6.528730690336989,6.696291610880493,-60.0,8.013596485916361,-17.564932942753945,54.666666666666664,15.065555763729426,-1.1399233699378402
-61,-4854.166666666667,49.674699756654924,-11.065044938975037,-2.311988307113485,104.26419144993197,6.439854124585827,6.824579154194755,-61.0,8.497125644612892,-17.420910240454237,55.888888888888886,14.659659749949702,-1.0720375406178049
-62,-4856.333333333333,48.74638664253603,-10.907701194646412,-2.1789249971610185,104.34335589811566,6.319247970394581,6.936825004235302,-62.0,8.970844162922228,-17.20280435204498,56.833333333333336,14.204064468786951,-1.0400345883591104
-63,-4858.666666666667,47.76405514594961,-10.824573810137444,-2.092459021948727,104.47423985277409,6.203677804915082,6.998595933976468,-63.0,9.340129076430015,-16.99875254471175,57.888888888888886,13.817300284137294,-1.1022903382579063
-64,-4861.0,46.77524742630064,-10.703823678147211,-1.8907906133938865,104.60425459007432,6.094974034746882,7.138018765035301,-64.0,9.807633303773834,-16.716833916862043,59.111111111111114,13.316742669558138,-1.1070289921213965
-65,-4863.333333333333,45.80504325674872,-10.540810288409844,-1.6042037912429123,104.72727260660433,5.9719352801553525,7.286301801559577,-65.0,10.325369405925866,-16.333860892115965,60.166666666666664,12.708381306853513,-1.0926099430784748
-66,-4865.833333333333,44.814429437716875,-10.438723106257696,-1.3946267200617095,104.8496849881874,5.847145289475926,7.398284649708604,-66.0,10.752747628941249,-15.997897742123996,61.27777777777778,12.18961408614562,-1.1175497955732399
-67,-4868.0,43.94457504058247,-10.398058651827307,-1.2707531972420254,104.91246194696691,5.735566142455524,7.5389288050481476,-67.0,11.108566936041155,-15.777876555505323,62.0,11.812861947932243,-1.0986063492933775
-68,-4870.166666666667,43.05094706327814,-10.34665366244027,-1.2751630015899522,104.99918468576118,5.616007804466258,7.6778204263457965,-68.0,11.48183882681412,-15.665711948698695,63.22222222222223,11.527970240447724,-1.0101218427394072
-69,-4872.666666666667,42.022461318806194,-10.205642348715967,-1.2779937449591372,105.1201096576625,5.5054383198631305,7.854346861660748,-69.0,11.996211600230248,-15.553561195670426,64.27777777777777,11.185493601916273,-0.8154993690321014
-70,-4875.0,41.05757095262748,-10.104528569785613,-1.1732821360604053,105.20475908448542,5.44677323753466,8.058249185203877,-70.0,12.456860885243346,-15.392056975064817,65.27777777777777,10.832302963700839,-0.6625104913557968
-71,-4877.333333333333,40.09488214273914,-10.132052003068146,-1.0412698403283909,105.26673071476564,5.399049229252237,8.280529383225968,-71.0,12.798793208447757,-15.21433890114669,66.44444444444444,10.52042599409638,-0.6125810863075146
-72,-4879.5,39.20527143948422,-10.149384712116989,-0.9177855300908316,105.31933762314175,5.366860995083719,8.405245819362372,-72.0,13.04458769798527,-15.01712686334161,67.27777777777777,10.233704830434986,-0.6334028672964593
-73,-4572.0,38.795204391293595,-10.333605843383719,-0.4820433977734401,105.93458850184601,5.42756101400594,8.762528857368778,-73.0,13.3168714957397,-14.668911115896844,68.25,9.797238091223537,-0.700058475582928
-74,-4574.25,37.856937697995434,-10.314018139446127,-0.4567182029533243,105.96830463177497,5.410728013135419,8.721887079733731,-74.0,13.44195155370804,-14.509165095935753,69.41666666666666,9.5910083097043,-0.8017101457013447
-75,-4576.75,36.795076684927324,-10.334060714291137,-0.5527104681941502,105.95114912101552,5.3622283305529965,8.700241122339339,-75.0,13.564092736634596,-14.4377668638142,70.41666666666666,9.467661424887808,-0.8817010629548852
-76,-4579.5,35.70071737751032,-10.21872963491387,-0.7288079859105837,105.90853198001997,5.291139039197573,8.696413718430898,-76.0,13.841318792898043,-14.425812882215208,71.375,9.352338612119318,-0.787742771632628
-77,-4582.75,34.550205113836284,-9.973408469902113,-0.6860517599357749,105.84109878823216,5.189191920421236,8.796769685333214,-77.0,14.35576839709406,-14.188625087788168,72.45,8.95733978644387,-0.5347309317953861
-78,-4586.5,33.33062256405728,-9.780361328207093,-0.49552450668123416,105.68069462294108,5.095721867205594,8.860099543851426,-78.0,14.772488068496289,-13.799316953114708,73.36666666666667,8.455351459934226,-0.4040156852465362
-79,-4590.5,31.95313042019118,-9.764947592140011,-0.39100135582091533,105.45275609516085,5.077111241164319,8.925335593241229,-79.0,15.002120199466109,-13.551731685522718,74.5,8.146661341908517,-0.4158374941549151
-80,-4595.25,30.691765017743776,-9.76413200671593,0.08120841559373754,105.13594661132291,5.124089125045963,9.018657295342663,-80.0,15.200103200783659,-13.029016439397425,75.45,7.582001811286151,-0.48836145567235884
-81,-4603.0,28.99059800227353,-10.030068956022392,0.8727512870745031,104.46603721669928,5.065268087514152,8.847937974940697,-81.0,14.911156831901579,-12.008091956297775,76.63186813186813,6.647025665599528,-1.146528721394562
-82,-4626.0,26.399130423091883,-11.284256664874974,0.42059677345258545,103.0793424459801,4.228703133749162,8.747074898570435,-82.0,13.881714783130214,-11.481935537932056,77.72139037433155,6.321007812715768,-2.399516590295135
-83,-4654.75,24.321710973861983,-12.915415279769967,-0.6246536613436544,101.6593682532386,3.2457604631682093,8.552977862766923,-83.0,12.33646658117846,-11.455198732103495,78.3375,6.591444639454599,-3.9790188161334212
-84,,,,,,,,,,,,,
-85,,,,,,,,,,,,,
-86,,,,,,,,,,,,,
-87,,,,,,,,,,,,,
-88,,,,,,,,,,,,,
-89,,,,,,,,,,,,,
-90,,,,,,,,,,,,,
-91,,,,,,,,,,,,,
-92,,,,,,,,,,,,,
-93,,,,,,,,,,,,,
-94,,,,,,,,,,,,,
-95,,,,,,,,,,,,,
-96,,,,,,,,,,,,,
-97,,,,,,,,,,,,,
-98,,,,,,,,,,,,,
-99,,,,,,,,,,,,,
-100,,,,,,,,,,,,,
-101,,,,,,,,,,,,,
-102,,,,,,,,,,,,,
-103,,,,,,,,,,,,,
-104,,,,,,,,,,,,,
-105,,,,,,,,,,,,,
-106,,,,,,,,,,,,,
-107,,,,,,,,,,,,,
-108,,,,,,,,,,,,,
-109,,,,,,,,,,,,,
-110,,,,,,,,,,,,,
-111,,,,,,,,,,,,,
-112,,,,,,,,,,,,,
-113,,,,,,,,,,,,,
-114,,,,,,,,,,,,,
-115,,,,,,,,,,,,,
-116,,,,,,,,,,,,,
-117,,,,,,,,,,,,,
-118,,,,,,,,,,,,,
-119,,,,,,,,,,,,,
