from_max_extension,OKC_extension_only_Diff_z,OKC_flexion_only_Diff_z,OKC_extension_only_Diff_z_2,OKC_flexion_only_Diff_z_2,OKC_extension_only_Diff_z_3,OKC_flexion_only_Diff_z_3,OKC_extension_only_Diff_z_avg,OKC_flexion_only_Diff_z_avg,OKC_extension_only_minus_Sensor2_z_plus_Sensor1_z,OKC_flexion_only_minus_Sensor2_z_plus_Sensor1_z,OKC_extension_only_minus_Sensor2_z_plus_Sensor1_z_2,OKC_flexion_only_minus_Sensor2_z_plus_Sensor1_z_2,OKC_extension_only_minus_Sensor2_z_plus_Sensor1_z_3,OKC_flexion_only_minus_Sensor2_z_plus_Sensor1_z_3,OKC_extension_only_minus_Sensor2_z_plus_Sensor1_z_avg,OKC_flexion_only_minus_Sensor2_z_plus_Sensor1_z_avg,CKC_extension_only_Diff_z,CKC_flexion_only_Diff_z,CKC_extension_only_Diff_z_2,CKC_flexion_only_Diff_z_2,CKC_extension_only_Diff_z_3,CKC_flexion_only_Diff_z_3,CKC_extension_only_Diff_z_avg,CKC_flexion_only_Diff_z_avg,CKC_extension_only_minus_Sensor2_z_plus_Sensor1_z,CKC_flexion_only_minus_Sensor2_z_plus_Sensor1_z,CKC_extension_only_minus_Sensor2_z_plus_Sensor1_z_2,CKC_flexion_only_minus_Sensor2_z_plus_Sensor1_z_2,CKC_extension_only_minus_Sensor2_z_plus_Sensor1_z_3,CKC_flexion_only_minus_Sensor2_z_plus_Sensor1_z_3,CKC_extension_only_minus_Sensor2_z_plus_Sensor1_z_avg,CKC_flexion_only_minus_Sensor2_z_plus_Sensor1_z_avg
0,-5.692273222291619,-5.571224735556235,-4.763356188490779,-4.690511662574363,-4.797573876861247,-3.827028671483052,-5.692273222291619,-5.571224735556235,-5.8666688351034,-5.748654262677664,-5.082534451539878,-5.011138236464561,-5.213349686594425,-4.254267531005651,-5.8666688351034,-5.748654262677664,-2.53395366009491,-2.6107106879514346,0.2293403782742771,-1.3925805370949103,-2.848344703682593,-2.8398225974951146,-2.53395366009491,-2.6107106879514346,-2.2802354265085625,-2.3721629719373762,0.18558836261696796,-1.4598411727844167,-3.204282321343094,-3.236729282812662,-2.2802354265085625,-2.3721629719373762
1,-5.644368291309188,-5.685388897921666,-4.891424934911691,-4.910852122136501,-5.453826864032924,-3.7265444408416446,-5.644368291309188,-5.685388897921666,-5.874439608569502,-5.900218260645873,-5.25249798689474,-5.270607678582783,-5.922835457575229,-4.183756393267559,-5.874439608569502,-5.900218260645873,-2.2730331505075343,-2.5239380216384646,0.22083888603712865,-0.7405848662192701,-2.3864225809472903,-2.3768065901903137,-2.2730331505075343,-2.5239380216384646,-2.1378576222717394,-2.4182653190418013,-0.00878425830052354,-0.9850506076404254,-2.9621157044580073,-2.9663660433822026,-2.1378576222717394,-2.4182653190418013
2,-4.976548522216244,-5.973208763790706,-4.7058816020110665,-4.8880660657063855,-5.2284443578364295,-3.6594591704329202,-4.869952355353512,-5.331860213182535,-5.357388165906552,-6.239217538500834,-5.1935133152607715,-5.360793334492853,-5.8042710037555345,-4.2619899021794145,-5.2199613087232155,-5.625177887482698,-1.478593042097657,-2.379655702883455,0.5230485366768164,-0.770865635988095,-1.6061826711769012,-2.1921180895503887,-0.6246263319116899,-1.8861181199891828,-1.5066411675755553,-2.427033470572823,0.11139421686249307,-1.1554996462343676,-2.338489265761239,-2.965094211650366,-0.6605264024792937,-1.94343732167862
3,-4.605517699285562,-5.726760154433686,-4.67172666508957,-5.022873659272014,-4.67403643471453,-3.5443199770357814,-4.7648388370195,-4.8215469826844135,-5.107437965682146,-6.135949916310809,-5.248515538413413,-5.593632113641363,-5.367764944479557,-4.290175682571454,-5.191095213057104,-5.220275041966414,-0.9529827062816749,-1.9823766728730827,1.1253355180631486,-0.06604325393713238,-0.5432801150329856,-1.8713593191297602,-0.36607191012227314,-1.3614807695461764,-1.1864952999576464,-2.2010857602269054,0.5344652350351238,-0.6460301766887123,-1.464321090870621,-2.8274413145422805,-0.597639779129085,-1.5930681839336653
4,-4.58557440607598,-5.835852880193837,-4.725325027206406,-4.950534725111512,-4.2724395619492235,-3.250747836390147,-4.915094290706656,-4.816821128913956,-5.208095795381446,-6.332470529288842,-5.382520644212519,-5.58964067211478,-5.082769647824201,-4.137748698272919,-5.441481522739149,-5.292340085683084,-0.47190714595554084,-1.6927310487658862,1.6263988102878453,0.443097610197644,0.46322400516926054,-1.5034318015191661,-0.9324011043204391,-1.7678064274163654,-0.8921112005080309,-2.074581077966837,0.8978387967182262,-0.2963034315912404,-0.6130689525207149,-2.65075425262025,-1.3283331016628772,-2.155603335671289
5,-4.193621758059976,-5.703784306883897,-4.237923474333653,-4.652529472304518,-3.876599138530823,-3.1055382136276988,-4.697930926995325,-4.795372378862943,-4.9626455748342835,-6.308193267650527,-4.990872596546236,-5.383575091425816,-4.798547833131702,-4.0933696742339984,-5.33847737233441,-5.3879384278237685,0.17310948870174,-1.5697220865442945,2.2252142377297233,1.1861844705503934,1.342629527968135,-0.9120641462744493,-0.36265919139413394,-1.33752397689058,-0.4255868477676759,-2.119808037110871,1.3016449035146378,0.2912905444161578,0.11794726175198544,-2.2429605314979195,-0.9510791057301865,-1.9107347523939289
6,-3.648531089921659,-5.38967657378961,-3.760449038037539,-4.283556918036837,-3.5101069683420283,-2.8573402649525024,-4.349297517280865,-4.628177091978968,-4.572724300751411,-6.114124059718936,-4.617343595466351,-5.143045205677828,-4.5245292619830435,-3.943230426208919,-5.107669963147829,-5.33131347146839,0.9105435010691899,-1.3348675235859513,2.1065831384181752,2.594553036330968,1.750971648442883,-0.30921442308873176,0.31025321339337797,-1.027962667646232,0.12181648245924996,-2.056399303392686,1.0023030821511858,1.5417806007945594,0.385797834759128,-1.8255078399224716,-0.4396113288612542,-1.7725989822114308
7,-3.3274267868942973,-5.005717467258929,-3.5050394820383546,-3.8892630357825917,-3.068564977698054,-2.679768469233302,-3.945929941059058,-4.302998258651198,-4.3582630330236,-5.837652572479634,-4.467665693596271,-4.846886656730674,-4.183649576728471,-3.883058634914869,-4.810635092464679,-5.1196587873927895,1.2348424232357775,-0.7131232612704475,2.082896484821666,3.795315391791877,2.4177236001649245,0.17885033393175975,0.9722588486441718,-0.46609936994993806,0.26102821754858674,-1.606372428165588,0.8336198372916988,2.5715301807520103,0.9058162756838399,-1.494303943620573,0.032784010064201174,-1.380841066097237
8,-3.0331807133388473,-4.383543903419949,-3.563323999026361,-3.353446058985147,-2.5279865503522805,-2.6098599188704164,-3.556742963302403,-3.924213011694828,-4.163952642089999,-5.322876619899845,-4.631974735714866,-4.419109619372602,-3.7465379244861428,-3.921132684115755,-4.526614690229351,-4.853097166603891,1.3269248932731845,-0.2272091451648537,2.285384692306195,3.529451200856161,3.2943362839201527,1.050809142374907,1.29891067895354,0.2879706965489827,0.15881573150768555,-1.278207175299368,0.9036500256195836,2.1507251009442983,1.6414755887554895,-0.799164401856995,0.1826832870460521,-0.7957269423750196
9,-2.8221174838258194,-3.9461071477487124,-3.6532699968911735,-2.9248148086989785,-1.9087334628923587,-2.7148390054605014,-3.279087978068734,-3.564236816161269,-4.061685178851119,-4.980921960207462,-4.822558042786823,-4.101338520657406,-3.2394441350505674,-4.130753645256175,-4.3512933781434775,-4.590346347715685,1.6609193211307778,0.1129501218815161,2.692216547402243,4.028596611232994,4.339428880351073,1.9503252030266254,1.6954817779735263,0.9987337891329813,0.3050178702273849,-1.1001759591352445,1.1423251881919483,2.4875030753019924,2.5439562273444056,-0.07153920080334916,0.4188616564236897,-0.2572021032937179
10,-2.5374348488565586,-4.048344060568933,-3.5394192101836923,-2.626036476269099,-1.5444780589455736,-2.6341852629963407,-3.056441275193658,-3.3605195295957944,-3.8834686931498545,-5.159275942332216,-4.806467593735584,-3.8973600561997266,-3.0054888731889875,-4.172309396771034,-4.233031001864397,-4.487148065539896,2.133225283855915,0.6198954884230594,3.2205958036139593,4.294254676821273,4.791678414208729,2.530248494349059,2.0565272082016643,1.2800440887301627,0.5727721272018949,-0.742947817173512,1.513919675687256,2.5984225247875603,2.8840700903981347,0.35427782855798373,0.6207399958602021,-0.13924351871722843
11,-2.1862423200526684,-4.049941228278304,-3.2580902407029786,-2.3043788371281257,-1.5722805964927289,-2.3221688174537976,-2.7891662890987075,-3.194871985282566,-3.6423248729289868,-5.2090807871191585,-4.621995994108037,-3.667617587146509,-3.1151357974364466,-3.9634320599538375,-4.070473613400651,-4.410517330630774,2.922016698065144,1.571856250107439,3.8855798949035694,5.145425564153299,4.868253388331645,3.1208461034854325,2.677318948544104,1.9264343984240646,1.1711567935899503,0.06565416543202396,2.033173480005391,3.3117568537481623,2.850257115151063,0.8023794305979012,1.0730994191552463,0.35295109903781446
12,-1.7401529552353059,-3.541006050614167,-2.76837273037391,-2.184578735735511,-1.3775070805220857,-2.0739134954196046,-2.3961018761037858,-2.9606271774479223,-3.3184019171345605,-4.793151127211014,-4.238317555879349,-3.6203591097368166,-3.006297988499574,-3.7946998570642037,-3.7881045486402374,-4.273754942888972,3.637229586727077,3.019730385989167,4.6386271582600465,6.4248496077458155,5.159570115270809,3.875082534187435,3.3840538914203964,2.7882647350617824,1.7097795704243788,1.3405162923131904,2.6517074221491854,4.461894473172863,3.009841927718293,1.4406679283091608,1.621724944955708,1.0465914717479186
13,-1.1929661641794964,-2.998923384046936,-2.247157858578984,-2.3818355818475974,-1.1190619812108813,-2.0315450461252103,-1.998511487942683,-2.6458291613904676,-2.8966059285479595,-4.336044205137251,-3.8211100159549423,-3.880574831518208,-2.837690118305524,-3.801784464625308,-3.5080302652816613,-4.0586570630182655,4.0352102395365,3.9230154190992064,5.1960471658521925,7.808890568175104,5.55328919006924,4.909157740212781,4.086739671597048,3.6729220620930434,1.9212644240396548,2.083625217862201,3.0881327286014795,5.687186848658418,3.306632176743603,2.3359863512945416,2.166131377129817,1.7746142902690047
14,-0.7217087974762366,-2.5943312563845393,-1.8860419624050362,-2.4075048277698476,-1.0431058899692767,-1.8738020324703946,-1.6874540414476253,-2.3670262698579494,-2.5433842254923538,-4.0086717690560745,-3.5324660395768266,-3.966147424080247,-2.8282538085576867,-3.701121754161561,-3.2989458596027164,-3.8641543129155758,4.440579973849723,4.316823744733741,5.48979050327682,8.407242263696636,5.879573524301219,5.567460310023767,4.623628515439499,4.423973948942872,2.1739474685367757,2.345356803380703,3.2788976996123766,6.13188943423986,3.550826924514006,2.8538901426439165,2.5699083270280316,2.3871763683705165
15,-0.5341901677816017,-2.1681724009586745,-1.6784819325965523,-2.111529862053607,-1.2565902880466402,-1.4561701197398385,-1.3862850356275571,-2.207973826075292,-2.4556856015032493,-3.6688213168249693,-3.3680495062988975,-3.7462079983417906,-3.093300657137173,-3.3658400089897924,-3.094364535319255,-3.781365335135794,4.709183795193826,4.514152202463952,5.804875767722977,8.650463457316093,6.066985045808983,5.9647836866775235,4.924494783125888,5.147962958041496,2.2794067980859354,2.427851043559508,3.483598169367767,6.257635878853466,3.662400680538822,3.1323713209548223,2.7392655472794925,2.9724724409386085
16,-0.2946464738784256,-1.826192041974597,-1.5028889613034089,-1.7464366006646266,-1.6688602969578692,-1.1340947701100068,-1.0999168058314477,-2.0884139719565518,-2.318949994781923,-3.393086689652569,-3.233251290869017,-3.447732905596525,-3.527592294425864,-3.099728893695437,-2.8963687175547577,-3.720339526119375,5.32509552982261,4.501463884285788,6.1436024448764694,9.267501983607124,6.1835903965816215,6.576703596663748,5.3248187161234135,5.594596227389953,2.7242380892204068,2.2912971021595565,3.7110765363546836,6.744588399453828,3.709209427312059,3.6508889587949183,3.004325905517026,3.2879514882361924
17,-0.14348143153152026,-1.4379637914712178,-1.3086949938464247,-1.3931367758552007,-2.1483759069610877,-1.0028541171167613,-0.9550230846991165,-1.8077652286650732,-2.2687726063474796,-3.0612317576127897,-3.082222130527766,-3.1474111323119116,-3.995972403579227,-3.0057141515312145,-2.8216919737346884,-3.5028538367053805,6.122738785675548,5.022584222185,6.544478820140559,9.846504228961692,6.373689312204281,7.678625730326246,5.826967914489255,6.194068473237958,3.375583124826589,2.6910007484590737,4.01770520868114,7.2170593136896635,3.80142340625407,4.647409348951471,3.388604490312653,3.7615409928690275
18,0.06583790137776606,-0.685111682316642,-1.2669540655366678,-1.143643578574142,-2.1978800758768617,-0.8419660869592325,-0.8978804493240943,-1.2959061342403688,-2.156277904571285,-2.3941224074757548,-3.060828675630714,-2.9454940951817554,-4.045350987524063,-2.8927132872452974,-2.827609950859158,-3.069231774020691,6.807346346098981,5.6874200809993924,6.839798115493048,10.2280297576893,6.622019730346937,8.942899892247427,6.2768407717588905,6.840794124876761,3.9363909763636133,3.2551618383506016,4.224541597399044,7.504971321707456,3.9719790287020214,5.811176320107585,3.7327648124107675,4.2845467934827814
19,0.4603207899917443,0.05577337547202221,-1.2082557347595473,-0.8546154215298354,-1.9502960322842968,-0.5757165211272562,-0.8390781669375166,-0.823819390164395,-1.8481117174520159,-1.7189560068103225,-3.0245368790828833,-2.6945482914787684,-3.8094359044097885,-2.6852622673166535,-2.819308714135215,-2.655365344272557,7.313992938445265,6.187761716232185,7.015147830613413,10.519042889542078,6.987789499257707,9.878704553179205,6.64181893479827,7.333016543957133,4.327867196356975,3.668016406880223,4.322700085056736,7.695513205348714,4.272098383831758,6.664281701111907,4.002657695192313,4.6724823471749035
20,0.8070605427082223,0.6600966022463228,-0.9160759264084435,-0.44010302612925045,-1.5781842892724347,-0.43966823674604844,-0.8694231432631777,-0.49546703114819346,-1.5488219314864646,-1.1557659260807158,-2.757871303151886,-2.3292309619240337,-3.453301941815039,-2.588316929724956,-2.8685410035654684,-2.3689913909312286,7.724823310061478,6.848095923340185,7.334994925987335,10.802031540147041,7.414439065965981,10.60456817387572,6.916070607378717,7.8842764258977445,4.630554271426192,4.251957000597599,4.556840567814674,7.88043905015239,4.648388185265279,7.310331692292358,4.188101765379098,5.135939093699991
21,1.274040959498187,1.078628217576056,-0.48211704097182206,0.02322767029350903,-0.9455112420006682,-0.2866591297606824,-0.7106982837127407,-0.2059844303043373,-1.1448513664038094,-0.763404487059236,-2.3328617946621923,-1.9166825487097414,-2.8203967387093973,-2.4822401818914703,-2.7382464110035856,-2.116888688594434,8.119986094726984,7.492952865499606,7.855639448195754,10.84605456846333,7.914289617555136,11.083729341315014,7.169607745848226,8.563540495122643,4.916446392679651,4.801304218005902,4.992506467332801,7.835453190035528,5.1132909714314465,7.709961412292076,4.346856627996819,5.714742257435362
22,1.4898434110912557,1.368808533329604,-0.09121975501727686,0.35044109654507016,-0.2727701017919255,-0.1626829393314959,-0.45884284920049484,0.11766299535769913,-0.9727313754304667,-0.4929294485776943,-1.9441170929908278,-1.6262768037925701,-2.095151041457056,-2.4106818088478734,-2.5133461943307136,-1.8358075592727936,8.537299035493913,7.95560035894994,8.48323843923037,10.519504323839147,8.419793484147643,11.667855954057824,7.498104563942728,9.233510597114803,5.2352681979620375,5.173619045679512,5.535146744342551,7.437768941505745,5.57913555968123,8.198132961301717,4.588029264826244,6.2884114719798285
23,1.7185695765834623,1.6854848350958989,0.2236530429437611,0.2943183266174015,-0.21968153750971808,-0.19609117836157264,-0.11391058455359815,0.4230147562144531,-0.7668956968003324,-0.2034265236013746,-1.6213532829884825,-1.6747374732901148,-1.9455275417559714,-2.464447297257201,-2.1843531444258546,-1.569475334012024,9.085984696346301,8.124197311130132,8.988698184774588,10.292584575992795,8.908235072629365,12.036260642080023,7.976471214599921,9.616318810924222,5.675450482897759,5.2658767072040735,5.966651003995225,7.15732615313673,6.018623122124591,8.497986294578403,4.980018444687439,6.588537199450503
24,2.0312628894895415,1.828428997300385,0.5823842661234542,0.182692765722126,-0.3978563715401662,-0.44787881165294713,0.3315106308238655,0.6307369880282576,-0.4763416326555858,-0.06974955750524447,-1.2581543536410607,-1.7952015154486207,-2.066159965221102,-2.7203265249167217,-1.7469518214519368,-1.392755514396428,9.588214720293955,8.653385324903786,9.209478875862775,10.682689602297526,9.488358303875076,12.188571512547437,8.495297408496768,9.925819274206217,6.074428244856561,5.73043871730332,6.13104410402847,7.491505013387904,6.542683277215625,8.575236714218992,5.4193210581547975,6.826179783700475
25,2.1442852958083387,1.8133207218244018,0.8773961188311663,0.4207074887356197,-0.4839211427013863,-0.6123460670788248,0.6983894123200581,0.6483187030367691,-0.3753824864979367,-0.07119752197192808,-0.9599911876202079,-1.6166684064093806,-2.1267196935061703,-2.9088781828233223,-1.3639622703144916,-1.3855389347033054,9.962914370113133,9.383131716132588,9.26818777916673,11.22102639145194,9.9153996880855,12.19149641494608,8.95530072414762,10.253148544480132,6.367817633458365,6.413143297709151,6.137799653153605,7.970502884534398,6.939780363790945,8.503433842694452,5.815919869628345,7.0934769543793195
26,2.270953003182323,1.828833011861894,1.116938485468987,0.7622537893688994,-0.47315359406363866,-0.37973816499355495,0.8778852439320196,0.6051448664074824,-0.253026013613622,-0.042214806386124216,-0.6981102648858624,-1.3182640088377973,-2.084046313924896,-2.695526443243721,-1.152235969670218,-1.4339545396973152,10.191643769258109,9.797475976990764,9.3868372796972,11.603771057016756,10.417563152371923,12.270580635045071,9.273638709756176,10.716007177782037,6.542001676193296,6.766615751512937,6.2054102489081036,8.279800522689388,7.422359694612095,8.56141654134207,6.084060446634332,7.485417908734186
27,2.484265014168039,1.9083458108642992,1.3042059714595995,0.9063635636484868,-0.48915316246518836,0.07218946929540104,0.9879349204863463,0.6270581626489907,-0.03869522270863879,0.03984598545283191,-0.46413369968147755,-1.1944148059956947,-2.0691980593036803,-2.248613488049157,-1.0216154585166495,-1.4323829819577567,10.369459667300184,9.915003134083062,9.706497096282725,11.593842785216786,10.927583947232376,12.592447883252438,9.515294173032094,11.057430055871675,6.661533959747093,6.826249762563018,6.486546432043353,8.175428914084165,7.916811044851025,8.86708878705601,6.27265224500843,7.764912980558607
28,2.7178125968044835,2.0628109018020044,1.3444580318617327,0.8828143279500601,-0.4372703653889629,0.24505763347729959,1.1169433131906947,0.7375728746973597,0.20166478339891292,0.19691976922669685,-0.38845957517431895,-1.2408706221888937,-1.9892455079263147,-2.052833410307873,-0.8743883916643732,-1.3434074741448077,10.646611816250896,9.940038810039974,10.048114877972274,11.62581542957209,11.349544821131753,13.080991099419716,9.840602466607725,11.244127126534721,6.857231215985157,6.804926043967424,6.79904628895021,8.143884612405333,8.322300743604403,9.326635634117888,6.535108247369628,7.886654426958601
29,2.9932560273673365,2.273602358140674,1.3726628474268296,1.0335490645766083,-0.2616784026777026,0.12084291392706555,1.2747694682544324,0.9334092522652019,0.4772880758226221,0.3868464125842337,-0.31992672286360335,-1.0988705470572606,-1.7904103740508375,-2.1534890161659,-0.6902973125945838,-1.1676982788850607,11.144190121411206,10.350045384741128,10.341886365109602,12.040225979048676,11.698259612656846,13.59892087290254,10.255362301926477,11.378461528301331,7.294382180562547,7.18251740245198,7.057064515601414,8.521610270998732,8.65828593334366,9.805912383530082,6.906902992132281,7.9537933864102
30,3.3579082817304373,2.439926762953418,1.4865319615177066,1.3115999232504687,-0.07276479010582282,-0.04495277521405372,1.4044043837089941,1.131643520066293,0.8171830904945234,0.5168316225822265,-0.1642681696625896,-0.8093229207017378,-1.5658250203108288,-2.3171849807223164,-0.5468248479944919,-0.9908841625519414,11.598405279505394,10.905386594278426,10.607370653493476,12.634599747615097,12.003844411462243,14.040813679358244,10.688027769949864,11.600594219631864,7.713352989157838,7.715013041138832,7.277156324084494,9.061801425014355,8.958476672124828,10.215722879167163,7.311586324240047,8.140104731628744
31,3.7727915524295734,2.4969569443784656,1.659319445374615,1.4561827515685661,0.14554647949561295,0.01466758722984407,1.5693946781558132,1.2585212141441244,1.185833355197286,0.5481794237733473,0.042164990731127006,-0.6363017823706754,-1.2798033180970605,-2.241606257725292,-0.3744462918642107,-0.8678415111972622,12.001427906521151,11.412092958946662,10.906462271961427,13.250956713831805,12.381388934967791,14.299554223387737,11.090299406287711,12.014922273749258,8.088037215675637,8.182230218525149,7.546749654643078,9.617011794648139,9.33829855838501,10.46266977678033,7.687304258709358,8.523643092193296
32,4.15978443459035,2.4950739196959186,1.8373744488953314,1.3440280898316526,0.3917936836522182,0.27629082758548495,1.7948793311434512,1.309172252291151,1.5125635129004797,0.5207892931262692,0.2572575332482181,-0.7097864794300439,-0.9215000186703395,-1.95118053751112,-0.1473716769376491,-0.8140075479137896,12.348953085776357,11.866803953567551,11.204827442466634,13.831628854392065,12.65754185149964,14.683317332795994,11.435289520133862,12.52746493353412,8.388926291460363,8.559965023926864,7.833589277388692,10.155748277649604,9.619859460579182,10.83828154794896,7.996127786383087,8.982800694353037
33,4.492303242957994,2.4641038496779153,1.9704574962524997,1.012260364991694,0.5761526928331158,0.4859119659687785,2.026285966075595,1.2917779420108093,1.7831489363086195,0.49318615556181467,0.43210091750384017,-1.0237015307794441,-0.6446852372529719,-1.71318976311957,0.08649630224297256,-0.8201002025103924,12.589013204344308,12.094136278463601,11.49759756251146,14.347804191496344,12.888924523375612,15.041624339246429,11.731245029654195,12.981337955065982,8.57699673643323,8.721019680779035,8.115539114082909,10.618592299359156,9.854041401286022,11.191296101038116,8.260677441473323,9.381314619652418
34,4.676743111658432,2.472846075687726,2.1386060112403906,0.9007193339289703,0.7995501592923517,0.6053652141279819,2.219888013349792,1.2771805842497408,1.940845536241029,0.5147629890217722,0.6149378722841186,-1.152281553033709,-0.34467272859208453,-1.5422554103831096,0.3060999171307288,-0.8122099160445213,12.910402377865324,12.46539208660208,11.747996933055258,14.53352739593751,13.109199395014935,15.309830215852383,12.039691410598067,13.445944873450797,8.862795894657996,9.082842349268867,8.352276127421987,10.731077356584997,10.074899647456938,11.44993398470045,8.55162061472384,9.818104502028545
35,4.701264900798328,2.5951781585190323,2.4921936918104586,0.9876643147374207,1.058026577014588,0.4583891778294591,2.354505360234348,1.2945764503654038,1.9660024963879723,0.6697936155222317,0.96577232611271,-1.0665722036646352,-0.017012610543896578,-1.6035369693794501,0.4922011317404909,-0.7683628175894442,13.21839397499144,12.935028049984783,12.017170994124863,14.653096644730702,13.316716901540094,15.716355764889695,12.365793490823563,13.86079548828962,9.1518642915808,9.569933390402987,8.624363333891399,10.820297420521875,10.289389278868867,11.841154920137631,8.868567321349571,10.217065155514158
36,4.7189625072650045,2.862931837621747,2.9337944996107477,1.035501380982879,1.3283140985482982,0.16231427930206532,2.4779070704461703,1.416521045839832,1.999706425665894,0.9929533219201128,1.4290950730529142,-0.9849761468232083,0.3341027701739292,-1.8181219689837254,0.6566530202323468,-0.6241726647443887,13.500509758896001,13.283503034996027,12.393001208103229,14.850065225930477,13.521068711201515,16.086457559921143,12.635349514483634,14.166782587909843,9.418483145811589,9.909497270518923,9.020428757057715,11.03463840951301,10.509447538540652,12.185596041117797,9.130206244604253,10.49295205835096
37,4.8552567833953635,3.267038985005902,3.3666594551077678,0.9471750575302038,1.7234724702611846,0.055034921761782485,2.715666878166058,1.6200228379571016,2.1512766543005837,1.473338237941106,1.9459157275354246,-0.9938866439265941,0.8502778669543964,-1.8836302891028511,0.9241254172737364,-0.378496458702213,13.828661062435742,13.443535701108965,12.70643853854434,14.900654926508073,13.695158515064893,16.340644121691476,12.911585526645405,14.379418895028698,9.744661371908684,9.97581478818186,9.351465401847065,11.094023118485222,10.709612480186879,12.38864911306192,9.407688702362035,10.662469436580617
38,5.100586633063921,3.628296029119555,3.7213719888013266,0.8868017087095419,2.0322420395783163,0.16438888629857829,3.0308025698964194,1.707395529310631,2.419438936840287,1.910979864048877,2.3866838327699016,-0.9606263737383829,1.2469808283789048,-1.7557997651221142,1.2771737997831016,-0.2258444173845938,14.213913671549207,13.574630874909953,13.02865204605399,14.65442308965531,13.872480843821219,16.550396258475324,13.238704758222456,14.578175438897603,10.141944950305566,10.020303933712816,9.678181453045756,10.776140470270118,10.917186461114543,12.522435878450462,9.745757784940073,10.834958775975425
39,5.383921863332325,3.768318466420384,3.7375407377286542,0.9134260481436378,2.203962170512919,0.3134033598917503,3.359631805662797,1.6259359344175512,2.7567454276719565,2.110559238161536,2.4284931097918325,-0.8798093041857351,1.496368883282872,-1.5815387134220762,1.6789213084604366,-0.23381645824959443,14.48092894677373,13.908474357453787,13.428498135382823,14.581529478073502,14.082905204543515,16.74111205460934,13.501361462286056,14.841828349617183,10.40801799332846,10.355028048145979,10.072027434654395,10.646508757205709,11.166263232972668,12.679369725217043,10.016290891348131,11.096735362256277
40,5.641724328065528,3.692737646215077,3.5172843057216117,1.0222787069827204,2.1767555621309658,0.32217080123504793,3.6955229290426796,1.5448580922288004,3.0745499284430653,2.081342895336742,2.2103742675231595,-0.7060484494996455,1.540769337692693,-1.5084447805626318,2.103837209389121,-0.25430458916816406,14.666443919512226,14.341128618427488,13.741268185507543,14.753438645781005,14.299584166419795,17.09903340209991,13.738721558922578,15.02733642266798,10.607857993370734,10.816943989878869,10.391267463574106,10.829594709225429,11.42666930692776,13.052183810246817,10.265162328319047,11.259560167088928
41,5.982018535335683,3.620427925086922,3.3430802250296394,1.18498081744589,2.0192788506464883,0.31861082814061437,3.917267104214218,1.5660809531763793,3.473224556497656,2.029306562858735,2.0620101639537465,-0.48964325179239143,1.4108206128440126,-1.4225286209388397,2.382899498222798,-0.20210083548303817,14.973480867348385,14.766047352643252,14.086935540992727,14.990016452496842,14.496497884799663,17.455704486448496,14.0323791725987,15.229406984136077,10.964820440416124,11.237695819622148,10.758766434352912,11.140186212893418,11.663238942176795,13.447623969133822,10.582153451752466,11.42428456329659
42,6.390319452299286,3.53985835320972,3.3281547974500927,1.272336441909668,1.9091568609827965,0.3939519399693374,4.0371886428446055,1.6251801400280634,3.935283035977518,1.943553787014449,2.0408226797526425,-0.368639243833762,1.3016869760216228,-1.2787906060032692,2.547342062261183,-0.11467779196909089,15.226813373976508,15.034740411890924,14.427184151852554,15.154732192315228,14.718763166686127,17.572767246324332,14.280187467768423,15.446191772049085,11.24595592550457,11.453308384322908,11.127867881154522,11.382431398544195,11.924003840680701,13.589888585740566,10.851469950064407,11.601779657332932
43,6.576134969087755,3.3476703696454644,3.400269326551555,1.208521389007795,1.9331817855690638,0.5809519840637072,4.031990252082786,1.6182739961088008,4.153333790610937,1.7453752097461646,2.1216289337177328,-0.4018419019025341,1.3209865287233242,-1.0685180046265046,2.5853710974191255,-0.08423760753628622,15.378130703852278,15.324583516307579,14.7408678526991,15.199444142023221,14.90280481495451,17.52861851823502,14.515990483129507,15.68523734113792,11.420048140489994,11.722599236170902,11.467305284258469,11.449438038095355,12.130458282313775,13.54836931014443,11.115025935938524,11.847385058093787
44,6.632340561166832,3.161511881522085,3.5597391695843013,1.0805176813788355,2.06694526902644,0.812357600599511,3.993258069754471,1.5841530505241226,4.233869133499557,1.5914459405138492,2.3434398750308607,-0.4945605792907557,1.4668861433151221,-0.8721588869252912,2.561837475365404,-0.06657397475291749,15.593127029744382,15.787870620111546,15.098528458275137,15.18816336598787,15.205100928831401,17.48689164211938,14.77329844933891,16.01387873817556,11.697469197908013,12.254150012289712,11.854346014972938,11.418427610756662,12.47664955213985,13.49544788071277,11.417335461996766,12.229588407026908
45,6.607137639595732,3.2856771373075357,3.785604016217099,1.0317645459652,2.3488086331604854,0.9701320661935879,3.9721879423766944,1.6293834887615561,4.21129448576061,1.735966652932398,2.6949823248830516,-0.4837848253516448,1.8432777485022096,-0.7341375216438548,2.544870131833322,0.01844471500886491,15.763343622447257,16.138923653421198,15.31682474163572,15.27491918243923,15.615603939715786,17.513959377084188,15.000236453315338,16.264690760630973,11.933194260730914,12.692378147315512,12.102650517608147,11.467017605719684,12.960685232646117,13.520980160932321,11.687912829055392,12.52981338484823
46,6.61291838884596,3.6541473737302876,4.091700002831237,1.0966606098765226,2.6463212446181443,1.0380015839278642,4.0352797813331085,1.7718723463909434,4.211389546029513,2.0691413943665635,3.1829520276366616,-0.3512566952490266,2.290758918851167,-0.6603821812284751,2.6252719832612326,0.16868760348310108,15.861340944117629,16.36661352693712,15.522589172086763,15.517430076806896,16.056666675766493,17.596276613770478,15.22621085635963,16.37584804641644,12.064183316473581,12.940149114978082,12.347673762582046,11.707647730124162,13.490276061998408,13.617436544770399,11.94751105737574,12.649488437158437
47,6.670770651609734,3.949885940037915,4.303533656693944,1.2340626594315207,2.9864693546839565,0.9919614643447616,4.174439978951091,1.931336028867542,4.290820423073428,2.2981424674667554,3.496556545391367,-0.18162239599269459,2.8309124815120703,-0.6586370187376955,2.817562963757201,0.3140662517299398,16.014902815580587,16.545546753067015,15.79022358523959,15.973182407737292,16.468346841753643,17.686813584393985,15.411510790723606,16.449694817913755,12.288431412528306,13.024343516042357,12.66274979764683,12.20498459733389,13.980762944812266,13.739673446670379,12.173846737483409,12.679910143968824
48,6.735887662278726,3.968715029203875,4.244789756510389,1.3960194849540852,3.4230655219096775,0.9863285076346093,4.392132099423483,2.011835901757995,4.389712012917467,2.31148909737239,3.455396386207583,0.0061074314403959384,3.5240339328823382,-0.5651452320893124,3.1386472630187794,0.40869829349316955,16.24759764598946,16.753257904837575,16.07351828344417,16.463051277353664,16.795868241238743,17.756806146946207,15.658429248969208,16.58585987458795,12.631176914090227,13.136172618862137,13.000709797254043,12.755797368809372,14.379209194499975,13.856886764939834,12.485166742937375,12.779756076566358
49,6.807026551524738,3.9712188639657358,4.015701010712572,1.5019637796969958,3.748728383403366,1.1609226505786552,4.5856271509456095,2.081094369108374,4.50685617623806,2.4038479427584236,3.2305814635722103,0.15794007207021554,4.062501707342021,-0.23497987358056927,3.431390546826865,0.5206144551790847,16.414862570825942,17.130942738009583,16.30442007701221,16.741314483019707,17.078008208708148,17.74363187723211,15.940230031927106,16.87269484094369,12.87387225175037,13.5783038289949,13.29553326327775,13.057916957084174,14.738583881984354,13.92140418319336,12.832435760681108,13.10142286242037
50,6.904497349425945,4.241432092092507,3.8744172784984166,1.5923216102334736,3.874322516540411,1.409000087244121,4.711918820206764,2.209804347130451,4.701547342260673,2.8351209087385314,3.053826545589683,0.34348214341053174,4.317024167888697,0.12120146859586,3.662618736660109,0.7275304404804106,16.539898605803515,17.45903795136992,16.518473425825217,17.00049368042157,17.32051011403989,17.593066813534804,16.22336118833806,17.172788614164684,13.071731636449297,14.044916278876428,13.592322044472493,13.301685919916682,15.071800939156113,13.80095561806162,13.18757249856725,13.472716730818732
51,7.049602894246254,4.653275276745346,3.8944178570328485,1.6622355858771316,3.873154945900539,1.572833856912864,4.829456475622835,2.3805225213589836,4.949013517788546,3.3996521718676735,3.0537063496766965,0.5483316292505975,4.396046861206616,0.3750283612229035,3.9012096380810313,0.9974823372828588,16.6398783412957,17.643041970868943,16.75607577410009,17.121651513285688,17.557959807989057,17.39098048834721,16.47088175335385,17.357056679427544,13.246105842859839,14.30631701087845,13.93354235469871,13.379752867729799,15.448739297529748,13.53644115397807,13.507467350316617,13.701302471544336
52,7.313866288572465,5.080184628368258,4.040938120970624,1.7017299518105764,3.7439391434920197,1.5172530665581743,4.979003983491416,2.611142963060129,5.352596371874283,3.943669199361799,3.245711220805498,0.7586492581964195,4.268853434600672,0.40134002794521706,4.156308208268662,1.3507238230639207,16.676737462405026,17.848522481229132,16.91669272178257,17.169271745636348,17.65679326669823,17.333318246820706,16.66369304315633,17.53527410286564,13.326254221621342,14.569761392506722,14.171477532044104,13.410340572786353,15.653781749688847,13.498074728630653,13.765928486864604,13.909444692454414
53,7.617042043383692,5.401221296505797,4.280314637174744,1.7049112459470614,3.5115716724072987,1.3990671639074614,5.12859413898565,2.8241523232090167,5.830828919637406,4.344383256066868,3.6741158516310763,0.9724996504181265,3.9937284743947408,0.3534481969471619,4.400519812400933,1.6713054513044419,16.679072150405702,18.03483566579264,17.062266704509803,17.30607899122088,17.670301792745803,17.396197053640734,16.837718711071314,17.633373018770147,13.403091677105643,14.884003637403344,14.398170508450747,13.598322195054177,15.760763158575012,13.79786336920204,14.025072637929568,14.061720229442168
54,7.901230561490319,5.394388399376733,4.623360546346818,1.6831201542310454,3.323854896320638,1.3531283805082626,5.271774542787161,2.8896507360333907,6.330939444372834,4.398020865934024,4.372394648597137,1.0684682321513508,3.861617686770461,0.38416353296951833,4.657565842128316,1.843899495117782,16.759904084504747,18.033983724834705,17.184059658135826,17.437093579059,17.606752294298964,17.380123707696335,16.99903564010907,17.598774094668617,13.605676784509589,15.058012095662763,14.61697687574528,13.800279073440485,15.826514197733829,13.914501437255069,14.282985085236602,14.089769428836911
55,8.200750191953105,5.220328387683837,4.901675513112991,1.6656456550573178,3.30037009037609,1.447287200252374,5.408334657539957,2.8141642333963577,6.892642600268427,4.319614705146295,4.869885169740343,1.1488926460006832,4.001254362543143,0.5296442774175625,4.945203962166725,1.897818127836546,16.730495118164512,17.7765078589582,17.250457821959593,17.5724641731301,17.541536018406845,17.283431701846496,17.116907210221125,17.491189112842097,13.606495898094721,14.916718278149295,14.796351491599271,14.042175347490272,15.94360683690602,13.836676011120394,14.484468568025072,14.017160542393846
56,8.527811180334135,5.184627822794278,5.109915365156651,1.6161832650351182,3.3682110730329153,1.5500382025100183,5.554247799696085,2.755605046977595,7.4928994117278735,4.407833254758094,5.151673622159148,1.2097692315408564,4.294268281447822,0.618437000105247,5.286340844906584,1.9432498946188688,16.5983152773606,17.665271575094597,17.27553029958082,17.577870497097663,17.47473428297741,17.06304662078734,17.146389400731554,17.4785611336581,13.499618302823714,14.969613708502482,14.992350952583115,14.106784519507787,16.075915921155456,13.767653479542513,14.590125642752612,14.08932250352454
57,8.767290432883645,5.253738475008692,5.158496669765142,1.5302477205708986,3.5136277591287026,1.4531319358231984,5.664273614105757,2.7575041701914245,7.952323517030373,4.588694036592443,5.1858947308518,1.2204438967093632,4.7204807431843605,0.5107686831688536,5.561275457847059,2.040583405187548,16.52175735282201,17.838078808808092,17.229852277011958,17.41255282269487,17.41740475162793,16.806004316932842,17.14750565584247,17.60224667852631,13.544085714949745,15.459432234011024,15.138164378334288,13.993574998519092,16.147916549946352,13.733275251437698,14.70040012170801,14.433156983567779
58,8.810007485437751,5.282003865288061,5.105873927329151,1.512868525448324,3.6974473371526253,1.2591702974076506,5.740097646990164,2.781824776858518,8.135598637987803,4.672143491613912,5.091904156085812,1.3143198055651117,5.121050318743944,0.31461508916376113,5.762842207563364,2.137185666857444,16.39120020780808,17.90654208557597,17.152871540615536,17.195870537992278,17.391441325356777,16.61571594786693,17.091160933895953,17.62151209678999,13.513515625578107,15.805209451336006,15.184519837541897,13.893586535694862,16.184832540095822,13.629975323369708,14.777460258631683,14.608831802699621
59,8.698974406458191,5.102682315018868,5.170638112336926,1.7021231600665532,3.8847547426984805,1.0926182234670003,5.741894049752084,2.7276560793665947,8.094584863846453,4.460208638642479,5.140845038095998,1.6557153686605675,5.493194929146094,0.19565666383748548,5.858249292048693,2.0996965118190296,16.09568541255267,17.998814303720465,17.073108504519656,16.999072887393417,17.40981713181757,16.378632492152658,16.95569123599049,17.564932942753945,13.319824690791059,16.069667469967456,15.196178224296046,13.932020260492898,16.314065790821857,13.628050429875627,14.800531968677122,14.633306159868981
60,8.490254834597177,4.840915524414925,5.330147957012338,2.214021535552945,3.9868969731308064,0.998685809976589,5.703252173685011,2.602305328562149,7.878350769921955,4.21285490660771,5.305713565274431,2.339873209714729,5.774761020136788,0.19770000143654665,5.89691188973071,2.012647798447225,15.86046493170762,18.003813562583087,17.007832999289047,16.720301550020963,17.57433873445423,16.041469568294062,16.829356918433522,17.420910240454237,13.226468716141659,16.315357604035153,15.21869593384762,14.023734927065384,16.67888212032278,13.62874933257415,14.82896815827967,14.658865873090841
61,8.29820742500549,4.742348019344175,5.516714956113431,2.557501799857754,3.9721039257958464,1.0295081411691847,5.72209762483168,2.567880492272793,7.666284435256761,4.342481641971082,5.6054483241036825,2.771164796638491,5.877439912425522,0.33269233652581454,5.976059930698901,2.1042706999318033,15.75490044756852,17.803335851808676,16.966091018761787,16.33437622604769,17.811556833700912,15.83416334733298,16.748471234572037,17.20280435204498,13.172877037119884,16.24884972760617,15.27923672402742,13.822641829399439,17.10217155764191,13.653765450271797,14.838990603787428,14.638048413178922
62,8.21394262374189,4.805923044788447,5.565169708032142,2.38074502901995,3.9405427467027168,1.3521492589585784,5.80961510781757,2.7041876012694637,7.607219929471128,4.593180456338361,5.741484888259295,2.689692059091455,5.930576394488845,0.7420863247364635,6.135376141297217,2.3762367766301917,15.73432538046823,17.660240136247353,16.96369528728645,15.863263675934974,17.866013606854224,15.645370475693202,16.711199901704685,16.99875254471175,13.223049523013765,16.186349852688302,15.391776027124585,13.506870105789913,17.25219747065836,13.769345903545819,14.875525998985736,14.613353367707797
63,8.173590932387636,4.878844197967504,5.5601745220652425,2.1374069157566855,3.9484274180963723,1.58150469595107,5.892400953877292,2.8116772692672822,7.656046803268019,4.82961330162113,5.671049994100395,2.599142422148546,6.061218773624375,1.053200084792059,6.345418715836163,2.5994926998987222,15.839003867526984,17.437493032385774,16.992293424533106,15.410790029107407,17.82029715907458,15.578034223239955,16.738304006035445,16.716833916862043,13.49322632872915,16.202631111360304,15.554850996281806,13.355913641581036,17.303084042371708,14.167237787150398,15.028842947859475,14.55110779021179
64,8.211807735924266,4.650955231463377,5.5156116887658735,2.133172074253476,3.9727854903552964,1.6410258855270405,5.916360456584084,2.6870694672175035,7.810578614908176,4.805480652067423,5.573319932124962,2.8166008835342247,6.291713758494114,1.255916279441338,6.476501138530998,2.609288349228231,15.922680798860503,17.096849432118862,16.961773376717574,15.111143623399947,17.802897925861647,15.511242245760307,16.82023827353373,16.333860892115965,13.727164056149148,16.10279257539121,15.627233440685181,13.290893436804321,17.40993517620574,14.500317504710447,15.26594073453217,14.412804004585091
65,8.343987580626123,4.399387909091457,5.464661717240694,2.3341383141148575,3.914939372842761,1.7240629609301945,5.948234949798028,2.6296480279355734,8.134929033867735,4.745191091805783,5.568568842736909,3.245324853362173,6.445605340373014,1.597301470111851,6.578851807485658,2.6954732795635974,15.936413033298246,16.7487398499316,16.83333804223752,14.884408870195385,17.623433899426548,15.425175655336096,16.913421097177423,15.997897742123996,13.901501971615227,15.935950252805915,15.603277564656405,13.185799725150117,17.383598179880607,14.66604844756921,15.519508175179647,14.315209781552916
66,8.475378865245627,4.370537802665462,5.469652586068726,2.7057344281842246,3.8016982512424686,2.105248445587598,5.979805990702624,2.6950715242900025,8.504202564304839,4.9136140763654055,5.8354188863514596,3.7569141332121228,6.490573297048595,2.2965576742602987,6.712913756684725,2.92780501489723,15.737097866574102,16.57711556742282,16.791602253811547,14.62544857845916,17.188478894608114,15.294656211127144,16.8549616167153,15.777876555505323,13.859195968388647,15.935701901868189,15.704033286880705,13.038202752051049,17.154169603127677,14.74009046802489,15.579542293244062,14.331980414072776
67,8.55737517498019,4.474233079838125,5.521589869647,2.699221705914918,3.7608546775754776,2.4749593762272597,5.998274127525394,2.816465759826675,8.87627434059711,5.199267374197136,6.202598939825836,3.829974182494715,6.592756760848226,2.8965675439649075,6.912185647276044,3.2335028356668825,15.59210011788806,16.53469275266075,16.782168164136245,14.417152581570805,16.95137965118506,15.228220469173259,16.74857843973339,15.665711948698695,13.950379008033886,16.07280800685454,15.807649932745742,13.140675392537752,17.0884984444963,14.748560432535204,15.618913538354,14.47528183971835
68,8.645489950878607,4.656753037312367,5.643424447118912,2.2475499503983634,3.7158151745002734,2.6848776206390106,6.010027303263365,3.0288501421422622,9.365055741103223,5.512890238571369,6.5137586897017155,3.4786494799849508,6.66137927785601,2.973423489359938,7.215359989275899,3.6223686139651146,15.287557708306005,16.523992762791806,16.42917472020963,14.264759755720158,16.940918299538748,,16.6273526293264,15.553561195670426,13.950663869251299,16.425396798445966,15.567409522613081,13.501944647729513,17.241729033937645,,15.688210777445912,14.654639018402486
69,8.78618420490522,4.917926085765325,5.81386979555402,1.836810940252794,3.4077026171289533,2.7635419475116207,6.036490775264897,3.240798745755947,9.881063774597544,5.878250820533638,6.867767837091036,3.251907643160274,6.454147267739047,2.6886267157036627,7.5247453371573245,4.001594225762884,15.088938556422868,16.333842688287547,15.989668462175867,14.056936028980024,17.02253335913871,,16.498180206661885,15.392056975064817,13.978501863521837,16.454765359033694,15.32935943062256,13.588607361625956,17.488392069459696,,15.723249992049395,14.753829733046885
70,8.893153441921097,5.062525505890571,5.911945322846381,1.9201691998916797,3.126334354634982,3.002792344657609,6.099144188871829,3.261678277505398,10.336541430712451,6.152420048293006,7.218934676176054,3.494948969807124,6.172951551047101,2.632313052531322,7.814352293754131,4.175879024080955,14.896037772579197,16.083600736592768,15.527923423075627,13.8332600562647,16.922846181291423,,16.171230462465648,15.21433890114669,14.060976960932352,16.290257790256483,15.021052884616747,13.412424817495044,17.570813674241247,,15.594185362224371,14.844097635336963
71,8.949342156226926,4.847027072035137,5.884491517029942,2.3081652741710674,2.9912482608073443,3.2228592887519927,6.159675708760407,3.122905210975647,10.627838466651756,6.098908167433403,7.3394349200074505,3.8837898466246252,5.8910826438001616,2.9780481084006136,8.0523285271996,4.108079766651205,14.64543649944259,15.76622409187155,15.034924675862136,13.676055951631838,16.501732182156488,,15.862161537601173,15.01712686334161,13.989155963507699,16.198821489546265,14.616879555791977,13.332705784776632,17.3855812445588,,15.469004612875517,14.845329761235808
72,8.999751362843664,4.673573469128389,5.790111790473509,2.2376894334522643,2.7800164811317143,3.2593726949784987,6.106466434273,3.11909487217723,10.854413257112265,6.119874400559852,7.314406127171491,3.827208210859208,5.4962854563503285,3.592203525205029,8.175831733675787,4.1011500286902125,14.300583205201585,15.504562175528985,14.790945237660953,13.55089084057171,15.907504686056463,,15.589808309271987,14.668911115896844,13.69866824583277,16.1213165163546,14.47714730857324,13.396866320820184,17.01177801429612,,15.320483388129054,14.766870666924822
73,9.083163531484532,4.579403256017847,5.809330096452599,1.8814223198638402,4.1104535077089945,3.0607809409379185,6.031329801049818,3.2967869582821745,11.07578282634625,6.367112933556938,7.453993535323425,3.606147970172701,6.831972296769145,4.000612973884331,8.196056432466934,4.294405277570962,13.815376596463826,15.342274240239668,14.486687452377256,13.452699209019157,14.606208394382858,,15.29094487715489,14.509165095935753,13.418240565223291,16.069101604162686,14.346697339253277,13.541121003962227,15.860507974039049,,15.174504063491653,14.700903694469659
74,9.08947981055449,4.355507741796319,5.965065375716402,2.0520763613466224,3.964487006258541,3.19528406994556,5.956946620611781,3.2720188213335253,11.138453246965714,6.436318889984289,7.942483203496225,4.1168005118487425,6.830561629715633,4.2816341214127185,8.114647339312455,4.41385840308137,13.174715226813602,15.324642887056688,13.781027397157322,13.358407090808239,13.155414638971882,,14.962835548588657,14.4377668638142,13.124491384239285,16.153633683812004,13.867977368043412,13.610504438843083,14.600952743941642,,15.057484122351257,14.775250002316094
75,,4.170515216550428,6.42588089634897,2.29694832489671,2.6921158560192855,2.882131393456243,4.294673288792157,3.1037700771309225,,6.368455609228843,8.681131143573728,4.636479820578866,5.5206781833231044,4.251255137754217,6.475139495836877,4.522269034868858,12.320326109716552,15.398926555411261,12.551880260463122,13.210391098773309,12.471563150953546,,14.436248581416764,14.425812882215208,12.512007541003953,16.353919228285942,12.807524783568233,13.680695698654363,14.165153195904203,,14.748095374938677,14.947520116124085
76,,3.8914050564410148,3.726629245723,2.028133772997049,1.80595411763781,2.9057135929811397,5.037759441712698,3.001420786241852,,6.116626710550311,5.360736765370119,4.916067972177491,5.014475567426995,4.069749306138181,7.387227750132685,4.7446800654277945,11.441469787552789,15.018843084768099,10.87159407532415,12.868943363310063,11.115159161423025,,13.71000062358886,14.188625087788168,11.648888998464122,16.3997352752601,11.24291501514024,13.608542742039532,13.650971914212635,,14.176214793601218,15.005119857051591
77,,3.579878537299533,,1.8910836224201493,,,5.195183951303756,3.0240369773806006,,5.83290593672632,,5.061866693142233,,,7.755846386644681,4.917006626239302,10.929491575321052,14.388242807456106,9.645174699934097,12.065543095101928,10.011299880243623,,12.695860076722346,13.799316953114708,11.298595353655562,16.075149225976162,11.349024661813466,12.835697192244846,13.111093550041378,,13.32220937042095,14.877922462315261
78,,3.373895910241348,,,,,3.2093725508711426,2.7613870255648805,,5.561916146449168,,,,,5.4407074743466115,4.909746418793626,10.37569750284641,14.234520007735373,9.41661534666576,10.934253894789892,12.384985987660182,,11.467568739047481,13.551731685522718,11.354520793484895,16.068727979649964,12.691705476649233,11.837176660891087,16.076091859929335,,12.399462850855592,14.838635360844748
79,,,,,,,1.80595411763781,2.3983986077006447,,,,,,,5.014475567426995,4.565807999640207,9.234922648715747,13.992489783692923,8.762299866250315,11.503253025652217,,,10.450553499867796,13.029016439397425,11.366918112274453,16.083797390818212,12.538228058119907,13.955258228189741,,,12.293698656664041,14.459747291531528
80,,,,,,,,,,,,,,,,,8.845936300645986,13.08193001780566,10.406902682566457,12.320526863000609,,,9.792570269578256,12.008091956297775,11.841184172977911,15.157793538406507,14.142940145763665,15.95218146585738,,,12.72795385461326,13.497485099648797
81,,,,,,,,,,,,,,,,,6.361365442816749,11.460618050211895,,,,,8.37832172977023,11.481935537932056,9.351433138310515,13.742294845611168,,,,,11.666918248823933,13.848776536900456
82,,,,,,,,,,,,,,,,,4.92752731081082,10.589870601206382,,,,,9.239805327012485,11.455198732103495,6.747050857239854,13.447678405928977,,,,,12.322027620977616,14.699929935893179
83,,,,,,,,,,,,,,,,,4.255347687769555,,,,,,4.255347687769555,,5.8023012086530645,,,,,,5.8023012086530645,
84,,,,,,,,,,,,,,,,,,,,,,,,,,,,,,,,
85,,,,,,,,,,,,,,,,,,,,,,,,,,,,,,,,
86,,,,,,,,,,,,,,,,,,,,,,,,,,,,,,,,
87,,,,,,,,,,,,,,,,,,,,,,,,,,,,,,,,
88,,,,,,,,,,,,,,,,,,,,,,,,,,,,,,,,
89,,,,,,,,,,,,,,,,,,,,,,,,,,,,,,,,
90,,,,,,,,,,,,,,,,,,,,,,,,,,,,,,,,
91,,,,,,,,,,,,,,,,,,,,,,,,,,,,,,,,
92,,,,,,,,,,,,,,,,,,,,,,,,,,,,,,,,
93,,,,,,,,,,,,,,,,,,,,,,,,,,,,,,,,
94,,,,,,,,,,,,,,,,,,,,,,,,,,,,,,,,
95,,,,,,,,,,,,,,,,,,,,,,,,,,,,,,,,
96,,,,,,,,,,,,,,,,,,,,,,,,,,,,,,,,
97,,,,,,,,,,,,,,,,,,,,,,,,,,,,,,,,
98,,,,,,,,,,,,,,,,,,,,,,,,,,,,,,,,
99,,,,,,,,,,,,,,,,,,,,,,,,,,,,,,,,
