from_max_extension,OKC_extension_only_Diff_z,OKC_flexion_only_Diff_z,OKC_extension_only_Diff_z_2,OKC_flexion_only_Diff_z_2,OKC_extension_only_Diff_z_3,OKC_flexion_only_Diff_z_3,OKC_extension_only_Diff_z_avg,OKC_flexion_only_Diff_z_avg,OKC_extension_only_minus_Sensor1_z_plus_Sensor2_z,OKC_flexion_only_minus_Sensor1_z_plus_Sensor2_z,OKC_extension_only_minus_Sensor1_z_plus_Sensor2_z_2,OKC_flexion_only_minus_Sensor1_z_plus_Sensor2_z_2,OKC_extension_only_minus_Sensor1_z_plus_Sensor2_z_3,OKC_flexion_only_minus_Sensor1_z_plus_Sensor2_z_3,OKC_extension_only_minus_Sensor1_z_plus_Sensor2_z_avg,OKC_flexion_only_minus_Sensor1_z_plus_Sensor2_z_avg,OKC_extension_only_minus_Sensor2_z_plus_Sensor1_z,OKC_flexion_only_minus_Sensor2_z_plus_Sensor1_z,OKC_extension_only_minus_Sensor2_z_plus_Sensor1_z_2,OKC_flexion_only_minus_Sensor2_z_plus_Sensor1_z_2,OKC_extension_only_minus_Sensor2_z_plus_Sensor1_z_3,OKC_flexion_only_minus_Sensor2_z_plus_Sensor1_z_3,OKC_extension_only_minus_Sensor2_z_plus_Sensor1_z_avg,OKC_flexion_only_minus_Sensor2_z_plus_Sensor1_z_avg,CKC_extension_only_Diff_z,CKC_flexion_only_Diff_z,CKC_extension_only_Diff_z_2,CKC_flexion_only_Diff_z_2,CKC_extension_only_Diff_z_3,CKC_flexion_only_Diff_z_3,CKC_extension_only_Diff_z_avg,CKC_flexion_only_Diff_z_avg,CKC_extension_only_minus_Sensor1_z_plus_Sensor2_z,CKC_flexion_only_minus_Sensor1_z_plus_Sensor2_z,CKC_extension_only_minus_Sensor1_z_plus_Sensor2_z_2,CKC_flexion_only_minus_Sensor1_z_plus_Sensor2_z_2,CKC_extension_only_minus_Sensor1_z_plus_Sensor2_z_3,CKC_flexion_only_minus_Sensor1_z_plus_Sensor2_z_3,CKC_extension_only_minus_Sensor1_z_plus_Sensor2_z_avg,CKC_flexion_only_minus_Sensor1_z_plus_Sensor2_z_avg,CKC_extension_only_minus_Sensor2_z_plus_Sensor1_z,CKC_flexion_only_minus_Sensor2_z_plus_Sensor1_z,CKC_extension_only_minus_Sensor2_z_plus_Sensor1_z_2,CKC_flexion_only_minus_Sensor2_z_plus_Sensor1_z_2,CKC_extension_only_minus_Sensor2_z_plus_Sensor1_z_3,CKC_flexion_only_minus_Sensor2_z_plus_Sensor1_z_3,CKC_extension_only_minus_Sensor2_z_plus_Sensor1_z_avg,CKC_flexion_only_minus_Sensor2_z_plus_Sensor1_z_avg
0,0.0,0.0,0.0,0.0,0.0,0.0,0.0,0.0,0.0,0.0,0.0,0.0,0.0,0.0,0.0,0.0,0.0,0.0,0.0,0.0,0.0,0.0,0.0,0.0,0.0,0.0,0.0,0.0,0.0,0.0,0.0,0.0,0.0,0.0,0.0,0.0,0.0,0.0,0.0,0.0,0.0,0.0,0.0,0.0,0.0,0.0,0.0,0.0
1,0.9634086582448163,0.669667435814647,-0.20018255772628102,0.3011625708136254,0.7965944532217417,0.6883797130980867,-0.3444991042247345,-0.5368056046228045,1.1268823641313475,0.9337145665214708,-0.0006195043921222165,0.4913649256324293,1.018606626533849,0.9820429817392302,-0.1673957468202225,-0.3576454565968312,-1.1268823641313475,-0.9337145665214708,0.0006195043921222165,-0.4913649256324293,-1.018606626533849,-0.9820429817392302,0.1673957468202225,0.3576454565968312,0.5764276620216773,-0.5248863734657032,-0.12480125271031195,0.4075992986380452,-0.226076739249081,0.010700518661048708,0.07518322335409433,-0.035528852055536575,0.623269082261797,-0.48691760131390005,-0.038393551804508874,0.42191378382545963,-0.16833646284277792,0.051949156989631984,0.13884635587150296,-0.0043515534996023675,-0.623269082261797,0.48691760131390005,0.038393551804508874,-0.42191378382545963,0.16833646284277792,-0.051949156989631984,-0.13884635587150296,0.0043515534996023675
2,1.8664956689618926,1.3322074020431263,-0.035218664263869215,0.3335250115868327,1.674979386648654,0.35726735568900914,0.13628006911734225,-0.17643452768715662,2.2252071785318606,1.8297947471905651,0.4203662703272686,0.7882131453858516,2.1018954685431783,0.8769704100841,0.5524004538063974,0.2818001441494955,-2.2252071785318606,-1.8297947471905651,-0.4203662703272686,-0.7882131453858516,-2.1018954685431783,-0.8769704100841,-0.5524004538063974,-0.2818001441494955,1.4184142998511318,-0.9631956096976202,-0.2567479350519548,0.3261627036805619,-0.47230428323083773,-0.35011531145994956,0.2297873605227796,-0.32904940582566944,1.513394110625442,-0.831940864114852,-0.06478370134062406,0.39258724894776975,-0.3357332370539874,-0.2495528557985418,0.37095905741027657,-0.2296354903218747,-1.513394110625442,0.831940864114852,0.06478370134062406,-0.39258724894776975,0.3357332370539874,0.2495528557985418,-0.37095905741027657,0.2296354903218747
3,2.5801786230636754,1.5386511844064206,0.21083641699874356,0.46638541293922486,2.577974622073798,0.07051896831056581,0.2525418544761173,-0.7164398170134092,3.129854548684756,2.2614390836470806,0.9233683973591775,1.161758754856657,3.223546343071466,0.8174528233158558,0.8654100907454829,-0.06617017148106275,-3.129854548684756,-2.2614390836470806,-0.9233683973591775,-1.161758754856657,-3.223546343071466,-0.8174528233158558,-0.8654100907454829,0.06617017148106275,1.3493058665891633,-1.1042243106372487,-0.31636052249534785,0.23713075975750986,-0.8933239498047834,-0.8190897093342113,0.04654046476301055,-0.5620610867379847,1.5118467505712307,-0.8824462897729726,-0.028908026557838973,0.3558202708029201,-0.6408322433873637,-0.650013051771543,0.28070216020867633,-0.39221302358053123,-1.5118467505712307,0.8824462897729726,0.028908026557838973,-0.3558202708029201,0.6408322433873637,0.650013051771543,-0.28070216020867633,0.39221302358053123
4,3.115175212958272,1.9531163936592346,0.6877772470681842,0.5391872169031977,3.437030708786576,0.10716377504293462,1.0336567623892519,-0.5645328662133497,3.8549494745176083,2.8921118340488317,1.616906847243408,1.4575038806143912,4.279485887953581,1.0845242233983523,1.8461006535934388,0.32381053035592533,-3.8549494745176083,-2.8921118340488317,-1.616906847243408,-1.4575038806143912,-4.279485887953581,-1.0845242233983523,-1.8461006535934388,-0.32381053035592533,1.7593215757764598,-1.1588782640432944,-0.29662155918765176,0.3283084117089441,-1.04259090036954,-1.1399517099748802,0.14003637207308905,-0.6568405207697436,1.985488387425764,-0.8263343129208609,0.07526164051752282,0.5318400030392896,-0.6882433491046833,-0.898058064435121,0.4575022262795354,-0.3975174581055638,-1.985488387425764,0.8263343129208609,-0.07526164051752282,-0.5318400030392896,0.6882433491046833,0.898058064435121,-0.4575022262795354,0.3975174581055638
5,3.4679787636863644,2.514666562070243,1.4432441485443892,0.5941569748306286,4.1095486511355155,0.3922096211265149,1.8728600953579377,-0.31314802258392405,4.360520506559959,3.639531929777835,2.61811866126565,1.7305719488528233,5.173619437959543,1.5981457147390001,2.897926044695062,0.8025504133525994,-4.360520506559959,-3.639531929777835,-2.61811866126565,-1.7305719488528233,-5.173619437959543,-1.5981457147390001,-2.897926044695062,-0.8025504133525994,2.023116379272052,-1.203162497873386,-0.21572798531687454,0.4353303847887542,-0.9223987738541086,-1.5401833703622745,0.29499654003368914,-0.7693384944823025,2.346569774102142,-0.7534208879200825,0.23906381312355318,0.7628143163637473,-0.4768774946085541,-1.2193899117594427,0.7029186975390473,-0.4033321611052596,-2.346569774102142,0.7534208879200825,-0.23906381312355318,-0.7628143163637473,0.4768774946085541,1.2193899117594427,-0.7029186975390473,0.4033321611052596
6,4.079438644350587,2.886237931059175,1.839845243402146,0.5460539114061111,4.543526749644629,0.3357341134155014,2.4671274257940974,-0.16535250090980647,5.1707306648209475,4.171368867004284,3.240739448598072,1.9029987447868866,5.839520122416976,1.8087084955663348,3.7050599471921553,1.175114621263008,-5.1707306648209475,-4.171368867004284,-3.240739448598072,-1.9029987447868866,-5.839520122416976,-1.8087084955663348,-3.7050599471921553,-1.175114621263008,1.897001127794745,-1.1664572612637505,-0.40277950343535096,0.48976319703305027,-0.9888886666685548,-1.9834094573092051,0.1684443192302787,-0.8867011738466362,2.3317273812770183,-0.585215407404851,0.16098295841006305,0.9175420791679132,-0.41782782949432207,-1.5756531280422585,0.6916275033975863,-0.41444215209306545,-2.3317273812770183,0.585215407404851,-0.16098295841006305,-0.9175420791679132,0.41782782949432207,1.5756531280422585,-0.6916275033975863,0.41444215209306545
7,4.6986404459956255,3.0250598822072607,2.2294912561402196,0.6570544533982545,4.77290223980458,0.024102709530657407,2.9200009928413584,-0.009022419731824272,5.990073240880246,4.486496741938984,3.8630007989395816,2.232886662076819,6.305768328284001,1.6989993293733905,4.376145600736087,1.5654891041026806,-5.990073240880246,-4.486496741938984,-3.8630007989395816,-2.232886662076819,-6.305768328284001,-1.6989993293733905,-4.376145600736087,-1.5654891041026806,1.660964097429499,-1.0025738912819149,-0.7061698991594358,0.4748243192169186,-1.197927543313328,-2.3535458592789325,-0.0810444483477557,-0.960431810447977,2.233824225239857,-0.28199284276942116,-0.03355570922626416,1.0183175760033691,-0.49430359479403263,-1.8557752414888071,0.5686549737398536,-0.3731501694182864,-2.233824225239857,0.28199284276942116,0.03355570922626416,-1.0183175760033691,0.49430359479403263,1.8557752414888071,-0.5686549737398536,0.3731501694182864
8,5.329177043586018,3.0651753639006616,2.6379173902336275,0.7029225081517572,4.7233149268537895,-0.39496988348536277,3.250202717835175,0.08957318669473224,6.828614787393809,4.731717288149861,4.474446414286174,2.5038882158105817,6.52459754205885,1.4919275607055713,4.903900551821409,1.868393265192621,-6.828614787393809,-4.731717288149861,-4.474446414286174,-2.5038882158105817,-6.52459754205885,-1.4919275607055713,-4.903900551821409,-1.868393265192621,1.4401491407622844,-0.8803997808318114,-0.7309358063554061,0.4468100949608962,-1.4653428242990603,-2.731132697605281,-0.25204316329739473,-1.0549074611587326,2.1497715891995925,-0.014478791173863748,0.07097128545249287,1.0923611575502568,-0.6189291249715043,-2.123536796182721,0.5339379165601938,-0.3485514766021094,-2.1497715891995925,0.014478791173863748,-0.07097128545249287,-1.0923611575502568,0.6189291249715043,2.123536796182721,-0.5339379165601938,0.3485514766021094
9,5.861246948645922,3.1534090144847733,2.986768034018179,0.61515048048126,4.4758552418535045,-0.8517048200439632,3.553777121667837,0.04448210279553777,7.59490611771715,5.018370299801349,5.035304189762477,2.6209544729267753,6.514695535374594,1.2504003190869843,5.433866267658789,2.0156704070842286,-7.59490611771715,-5.018370299801349,-5.035304189762477,-2.6209544729267753,-6.514695535374594,-1.2504003190869843,-5.433866267658789,-2.0156704070842286,1.273514003623398,-0.8322150720740833,-0.43565302625803426,0.37047148535477525,-1.8062453848561995,-3.057167388576382,-0.32279480249694537,-1.1729703250985635,2.123993020670251,0.1834991901017986,0.49266849018787173,1.1714045108673874,-0.8076501351608791,-2.3401140288887072,0.6030037918990807,-0.3284034426398401,-2.123993020670251,-0.1834991901017986,-0.49266849018787173,-1.1714045108673874,0.8076501351608791,2.3401140288887072,-0.6030037918990807,0.3284034426398401
10,5.996754578536539,3.233536821853752,3.2450780865725903,0.44861853105042293,4.071726193181047,-1.3051201336945866,3.7637945114008913,-0.11699954215158215,7.975192944333458,5.296250061521318,5.522267162024539,2.6486803749717245,6.358944339935704,1.00925312771719,5.866000781537824,2.049445918871249,-7.975192944333458,-5.296250061521318,-5.522267162024539,-2.6486803749717245,-6.358944339935704,-1.00925312771719,-5.866000781537824,-2.049445918871249,1.1562083746472895,-0.8083157299720254,-0.07170708158481354,0.2688075832292842,-2.104956161503703,-3.325645159715991,-0.34015162281374334,-1.2883844354862442,2.1492529728411727,0.3532622809611814,1.038711752391123,1.2168885852941083,-0.9633473787568474,-2.4848401039011394,0.7415391154918161,-0.3048964125486169,-2.1492529728411727,-0.3532622809611814,-1.038711752391123,-1.2168885852941083,0.9633473787568474,2.4848401039011394,-0.7415391154918161,0.3048964125486169
11,5.792994384311571,3.2965027126511677,3.434841309034635,0.2930612572510469,3.597924945300245,-1.697536207464113,3.9025181018608857,-0.30661857740378196,7.990601671801019,5.55834669355786,5.942256835754375,2.6896269612645574,6.147489149784636,0.8265612165430518,6.233594123139326,2.0644525659158877,-7.990601671801019,-5.55834669355786,-5.942256835754375,-2.6896269612645574,-6.147489149784636,-0.8265612165430518,-6.233594123139326,-2.0644525659158877,1.0428302182120204,-0.7891256321764102,0.09204066812456979,0.1989372666728455,-2.3858876752411793,-3.496807749612062,-0.41700559630152956,-1.3623320383718758,2.203996465408737,0.5234157360533089,1.362882378861693,1.2763693350527392,-1.0858053935672722,-2.512284096283314,0.8270244835677194,-0.2374996750590883,-2.203996465408737,-0.5234157360533089,-1.362882378861693,-1.2763693350527392,1.0858053935672722,2.512284096283314,-0.8270244835677194,0.2374996750590883
12,5.337559143026275,3.328144699117418,3.648611144340645,0.15702244860170822,3.0867851837581917,-1.9917857798235516,3.9931975993559226,-0.4533589880153652,7.806644195536622,5.802535880146005,6.391989966811936,2.73874561454721,5.919672910317898,0.7234067793644856,6.568450546882604,2.115479150502556,-7.806644195536622,-5.802535880146005,-6.391989966811936,-2.73874561454721,-5.919672910317898,-0.7234067793644856,-6.568450546882604,-2.115479150502556,0.9228548043764464,-0.7435929764689311,0.16163070398066548,0.11627107155153826,-2.576308411825002,-3.5669659558392435,-0.49727430115596327,-1.3980959535855453,2.2749244756318996,0.724902271352124,1.6100058143737632,1.3793818745664916,-1.1279474487534773,-2.444199061785807,0.9189942804173952,-0.11330497195573042,-2.2749244756318996,-0.724902271352124,-1.6100058143737632,-1.3793818745664916,1.1279474487534773,2.444199061785807,-0.9189942804173952,0.11330497195573042
13,4.665927375461412,3.3101014854520017,3.812070756052078,0.019612077261628613,2.5774928694631596,-2.2272335482976118,3.922473426042588,-0.5705363667922114,7.437358316953244,5.9775508287963905,6.811810966430455,2.7728338343405943,5.709612560651526,0.6786067284104425,6.759214409138635,2.1850836652808185,-7.437358316953244,-5.9775508287963905,-6.811810966430455,-2.7728338343405943,-5.709612560651526,-0.6786067284104425,-6.759214409138635,-2.1850836652808185,0.8613886876050065,-0.6124744530203392,0.28320009678545066,0.058945661951023354,-2.747831789091854,-3.6227614093200162,-0.5344143349004655,-1.3920967334631111,2.384671007728243,1.0573928290038621,1.925382297649016,1.5263430177203992,-1.1230053864949965,-2.3425564838662254,1.0623493062940876,0.08039312095267892,-2.384671007728243,-1.0573928290038621,-1.925382297649016,-1.5263430177203992,1.1230053864949965,2.3425564838662254,-1.0623493062940876,-0.08039312095267892
14,4.013456895030438,3.1583577157953995,3.9268594209632672,-0.07967175512690439,2.199304939601488,-2.331622840838534,3.7230521448396514,-0.6611249368139376,7.077611640408997,6.056396672625274,7.216628358212596,2.840970462418981,5.575554137654266,0.7261860491415542,6.829269665666411,2.2802280683344467,-7.077611640408997,-6.056396672625274,-7.216628358212596,-2.840970462418981,-5.575554137654266,-0.7261860491415542,-6.829269665666411,-2.2802280683344467,0.8335250847156148,-0.4590894566351773,0.37467828288538474,0.01825982174135632,-2.940938193802315,-3.6862136492676973,-0.5775782754004384,-1.3756810947205063,2.539387608491185,1.3700561086369802,2.1948215704207508,1.6952616087464385,-1.1082604249690067,-2.2320073556523665,1.208649584647643,0.277770120577018,-2.539387608491185,-1.3700561086369802,-2.1948215704207508,-1.6952616087464385,1.1082604249690067,2.2320073556523665,-1.208649584647643,-0.277770120577018
15,3.3988778424873365,2.9023651421446743,3.9752706435411733,-0.11807543845062973,1.7596060772765485,-2.4154742136736864,3.4613148286499635,-0.6981752666134042,6.800855213034326,6.042976392720031,7.552043543859247,2.996147260735544,5.522562914538783,0.8390504883150474,6.835069427794743,2.4292098368797195,-6.800855213034326,-6.042976392720031,-7.552043543859247,-2.996147260735544,-5.522562914538783,-0.8390504883150474,-6.835069427794743,-2.4292098368797195,0.7752868291229342,-0.19377027839264382,0.4419358080757485,0.019634621048221668,-3.168840200723096,-3.7444191845067425,-0.6505391878414715,-1.3061849472837208,2.672155885145025,1.8576271221529739,2.4610519082614237,1.9098117488115989,-1.1048845857799532,-2.0975798660463054,1.3427744025421657,0.5566196683060891,-2.672155885145025,-1.8576271221529739,-2.4610519082614237,-1.9098117488115989,1.1048845857799532,2.0975798660463054,-1.3427744025421657,-0.5566196683060891
16,2.77620129394883,2.6582430505739456,3.856475618537587,-0.14565098359600626,1.471589505431286,-2.5626582144049355,3.0512729436855013,-0.7413319771620515,6.567688203766021,5.972142814824517,7.729882868704019,3.1854718516683382,5.557763283967843,0.8926195335000617,6.75359016884338,2.588277829798611,-6.567688203766021,-5.972142814824517,-7.729882868704019,-3.1854718516683382,-5.557763283967843,-0.8926195335000617,-6.75359016884338,-2.588277829798611,0.686685856378201,0.1343609117238458,0.47603534733227004,0.08896906466792576,-3.3475146667766853,-3.7632276329986696,-0.7282644876887385,-1.1799658855356325,2.7825283527805746,2.4896318670919495,2.730426194480697,2.2040108347222924,-1.0846120186343362,-1.9059585881308916,1.4761141762089784,0.92922803789445,-2.7825283527805746,-2.4896318670919495,-2.730426194480697,-2.2040108347222924,1.0846120186343362,1.9059585881308916,-1.4761141762089784,-0.92922803789445
17,2.246230305086261,2.324999845371976,3.545623977719657,-0.1677056497622189,1.233547049316904,-2.771078303024405,2.6341600459874455,-0.8483261226800725,6.407126117414658,5.841435501228359,7.7645977735752725,3.3940095566661483,5.634697315569664,0.8516474513481551,6.656979701428735,2.7019286944691805,-6.407126117414658,-5.841435501228359,-7.7645977735752725,-3.3940095566661483,-5.634697315569664,-0.8516474513481551,-6.656979701428735,-2.7019286944691805,0.5443011281401837,0.37193741885640197,0.4758244603882007,0.24022565810196017,-3.692658238749941,-3.7288805717360325,-0.25854254221775985,-1.0389058315925572,2.858729816659438,3.0205488051745983,2.9112666365676327,2.60319957710042,-0.88889806212967,-1.671169983540799,2.1593419136760934,1.3175261329114067,-2.858729816659438,-3.0205488051745983,-2.9112666365676327,-2.60319957710042,0.88889806212967,1.671169983540799,-2.1593419136760934,-1.3175261329114067
18,1.8582764457134715,1.9583405466224608,3.0748311574588394,-0.2222625701115728,0.9872551466374819,-3.0595025538178913,2.1930219363480115,-1.0213159835532544,6.319676288027151,5.676703499177088,7.672256531371339,3.534778598559339,5.708307067148013,0.7545863712154492,6.55959182210314,2.7307209210811942,-6.319676288027151,-5.676703499177088,-7.672256531371339,-3.534778598559339,-5.708307067148013,-0.7545863712154492,-6.55959182210314,-2.7307209210811942,0.3700398311122415,0.5024343823719066,0.44007330680315615,0.4407235368058142,-3.870966059371367,-3.6342139656019623,-0.9608483669448482,-0.8970186821414137,2.9150295868346463,3.4172774310413043,3.052747124982946,3.0632501954657387,-0.8363104556836229,-1.3204305290754528,1.6929595498959746,1.7200323658105305,-2.9150295868346463,-3.4172774310413043,-3.052747124982946,-3.0632501954657387,0.8363104556836229,1.3204305290754528,-1.6929595498959746,-1.7200323658105305
19,1.491920343564912,1.5368686309451824,2.5877490143718536,-0.41378265279376514,0.6540459948748847,-3.3873628648103935,1.7410050715797079,-1.2626714585687253,6.2777557681773555,5.4530952030723725,7.536504480815216,3.5274403419160523,5.713677980848827,0.6181439663330632,6.461155386021114,2.672309949524025,-6.2777557681773555,-5.4530952030723725,-7.536504480815216,-3.5274403419160523,-5.713677980848827,-0.6181439663330632,-6.461155386021114,-2.672309949524025,0.1468211145241778,0.6033293322687694,0.3688538765170337,0.571027041265328,-4.095669832928424,-3.560983549648977,-1.1184303561100535,-0.7955423920382936,2.938792847515969,3.81188214808053,3.20145872072242,3.458950388012176,-0.8072120646492684,-0.9683533828492115,1.7679803708515887,2.1008263844144985,-2.938792847515969,-3.81188214808053,-3.20145872072242,-3.458950388012176,0.8072120646492684,0.9683533828492115,-1.7679803708515887,-2.1008263844144985
20,1.13305247340546,1.0996278658683192,2.266823090784275,-0.8080160251067774,0.34886673879235097,-3.739814607165874,1.3463030501754583,-1.6144504214045519,6.274323506111998,5.228839927136196,7.415223531987549,3.323887670379177,5.675571702561627,0.452623602495807,6.368998012195043,2.515409152852219,-6.274323506111998,-5.228839927136196,-7.415223531987549,-3.323887670379177,-5.675571702561627,-0.452623602495807,-6.368998012195043,-2.515409152852219,-0.06468283276777242,0.6336794144480988,0.25923689221809365,0.5952444038136209,-4.322564915805003,-3.5281170314770347,-1.3003719244927021,-0.7663977377384379,2.9455950978290835,4.1808901005332935,3.3427478718651633,3.7424759682722177,-0.75929209351141,-0.6484096091267064,1.8270436350149928,2.424985486559602,-2.9455950978290835,-4.1808901005332935,-3.3427478718651633,-3.7424759682722177,0.75929209351141,0.6484096091267064,-1.8270436350149928,-2.424985486559602
21,0.7033349636104429,0.7049996156817091,1.509374024140019,-1.1393071731403328,-0.015456648788969574,-4.1119186965469705,0.8627756561422659,-1.9645844844507359,6.284547972958614,5.038297240762333,7.109433633950651,3.1259815075100583,5.594254949402094,0.27154451451527173,6.225216010291174,2.3393563099330033,-6.284547972958614,-5.038297240762333,-7.109433633950651,-3.1259815075100583,-5.594254949402094,-0.27154451451527173,-6.225216010291174,-2.3393563099330033,-0.566243249003362,0.564597500810069,0.1576454660190576,0.45970143732676494,-4.592433530615168,-3.5353458084681715,-1.758727318585751,-0.8370156234437784,2.957678003094091,4.404863632821829,3.4714640714014933,3.903978191468803,-0.7219897702227356,-0.3589358691653439,1.64851548349389,2.6499686517084298,-2.957678003094091,-4.404863632821829,-3.4714640714014933,-3.903978191468803,0.7219897702227356,0.3589358691653439,-1.64851548349389,-2.6499686517084298
22,0.3704413768919945,0.2571621969371929,0.9843122074706097,-1.691697569333579,-0.5506742968921206,-4.56972716094686,0.4441952206758355,-2.41323995153461,6.307649224484138,4.824665141039467,6.903157773825357,2.795289879834285,5.450456275886012,0.07840944318268583,6.1153782992463,2.0942299726793285,-6.307649224484138,-4.824665141039467,-6.903157773825357,-2.795289879834285,-5.450456275886012,-0.07840944318268583,-6.1153782992463,-2.0942299726793285,-0.8580864315749874,0.4321843325848782,0.04481450708769774,0.24260271126762145,-4.898151107077645,-3.57135663060355,-1.7046207575102779,-0.9655231955836836,2.9646724534829407,4.546570942699159,3.6382833992028063,3.9979549174636846,-0.7089307704647729,-0.11927411913444086,1.9579905440247205,2.8084172470094675,-2.9646724534829407,-4.546570942699159,-3.6382833992028063,-3.9979549174636846,0.7089307704647729,0.11927411913444086,-1.9579905440247205,-2.8084172470094675
23,0.04930052793685036,-0.16823021333848232,0.4731548163173045,-2.2670548566177686,-0.9881542600950777,-4.984308753166488,-0.024219082462801467,-2.903375457121591,6.362345689946353,4.591008314722107,6.694949599816691,2.51235197388804,5.311842846686349,-0.06712375739658327,5.996898596049598,1.8607872216076595,-6.362345689946353,-4.591008314722107,-6.694949599816691,-2.51235197388804,-5.311842846686349,0.06712375739658327,-5.996898596049598,-1.8607872216076595,-1.120840915381649,0.2580526846962998,-0.061795050797499584,0.09308118293188361,-5.167547471442383,-3.5631490236398355,-1.9393441964833773,-1.0706717186705514,2.9723583725776708,4.696661563071138,3.7947311590578723,4.116385938327849,-0.6548578167245735,0.16549975487774038,2.016824280692014,2.9928490854255765,-2.9723583725776708,-4.696661563071138,-3.7947311590578723,-4.116385938327849,0.6548578167245735,-0.16549975487774038,-2.016824280692014,-2.9928490854255765
24,-0.3115206916842226,-0.6352230367540859,-0.05464035695254488,-2.5447135485825374,-1.4502146881549791,-5.278352248671002,-0.48921663121874026,-3.2656649685785926,6.423209835906155,4.322629324399324,6.485808919096904,2.47157588851395,5.155386180347382,-0.1407193657185335,5.88438871502532,1.7351698974985847,-6.423209835906155,-4.322629324399324,-6.485808919096904,-2.47157588851395,-5.155386180347382,0.1407193657185335,-5.88438871502532,-1.7351698974985847,-1.4526233867878329,0.1691063112220066,-0.21462176724666904,-0.07331639823958014,-5.430465234751782,-3.49298766943417,-2.1676700513569003,-1.1323992521505817,2.9698908539284927,4.936062778006795,3.9062130165353155,4.288483400977277,-0.5748901459973186,0.524809942834179,2.0745711907961377,3.2497853739394174,-2.9698908539284927,-4.936062778006795,-3.9062130165353155,-4.288483400977277,0.5748901459973186,-0.524809942834179,-2.0745711907961377,-3.2497853739394174
25,-0.6365215015734673,-1.2432400587026944,-0.5777103117128863,-2.7541712510911704,-1.9301334960074623,-5.657300685514066,-0.9285579543983058,-3.582777840831149,6.448378622746997,3.9999464529317867,6.291115644366358,2.5119670746522926,4.993578114367695,-0.2516521535459333,5.77503915184399,1.6528910568630932,-6.448378622746997,-3.9999464529317867,-6.291115644366358,-2.5119670746522926,-4.993578114367695,0.2516521535459333,-5.77503915184399,-1.6528910568630932,-1.7771727740998067,0.15142365663477975,-0.3980763932392506,-0.23521463553326338,-5.649507256912067,-3.3589658065554215,-2.427055004926289,-1.147585595151301,2.9758327071847175,5.2083654607836145,4.003132664966409,4.443723194059282,-0.5267065079722548,0.9752618708390033,2.1327111242991945,3.5424501752273,-2.9758327071847175,-5.2083654607836145,-4.003132664966409,-4.443723194059282,0.5267065079722548,-0.9752618708390033,-2.1327111242991945,-3.5424501752273
26,-1.0659144151692832,-1.761375058188678,-1.083626346447545,-2.9906026268645096,-2.388397863938346,-6.146524315852522,-1.3642165182457333,-3.929701915128506,6.422810176278845,3.8017994991768367,6.122106588043741,2.5254982296476314,4.836864253311066,-0.4834890855698095,5.682998932897294,1.542538237146621,-6.422810176278845,-3.8017994991768367,-6.122106588043741,-2.5254982296476314,-4.836864253311066,0.4834890855698095,-5.682998932897294,-1.542538237146621,-2.0769383436738096,0.15664989629905435,-0.6445921585507826,-0.34445631541027133,-5.88847468250477,-3.148304892485841,-2.6904240631875513,-1.1120371038656867,3.0155598373036634,5.61134753773267,4.0636471050241,4.5879638649719245,-0.48266273349613753,1.6066430338519362,2.170924434745521,3.9353181455188437,-3.0155598373036634,-5.61134753773267,-4.0636471050241,-4.5879638649719245,0.48266273349613753,-1.6066430338519362,-2.170924434745521,-3.9353181455188437
27,-1.4626569355022774,-2.191088840712659,-1.58015162682819,-3.3241719698295054,-2.8425484973766064,-6.634355348658891,-1.8027534742232678,-4.359630514034858,6.367574291012255,3.706646419940639,5.959201959237985,2.4410581866207206,4.681035979453027,-0.7681086141199049,5.596747484929766,1.3476529153554306,-6.367574291012255,-3.706646419940639,-5.959201959237985,-2.4410581866207206,-4.681035979453027,0.7681086141199049,-5.596747484929766,-1.3476529153554306,-2.358997377903979,0.16577636016382336,-0.9145694958734385,-0.4306459705747452,-6.190415035480958,-2.9732101497500856,-2.959994174017339,-1.0793599200536699,3.0863864618676002,6.018123473898868,4.118327791012653,4.772231096597554,-0.38134331632135376,2.2086784370463013,2.2170749649400596,4.333011002514241,-3.0863864618676002,-6.018123473898868,-4.118327791012653,-4.772231096597554,0.38134331632135376,-2.2086784370463013,-2.2170749649400596,-4.333011002514241
28,-1.8971040218911686,-2.5644145467689725,-2.1367811399256365,-3.8092213518668103,-3.2918495664246663,-7.0475075730145615,-2.2480137930315855,-4.886596326298953,6.277079081859914,3.6574240575568924,5.765094651032788,2.210815074174781,4.529418430367664,-1.0140692632078832,5.4884918865223025,1.0684710778675734,-6.277079081859914,-3.6574240575568924,-5.765094651032788,-2.210815074174781,-4.529418430367664,1.0140692632078832,-5.4884918865223025,-1.0684710778675734,-2.5646761560262767,0.17775354576953983,-1.1895175978988828,-0.46044118847542226,-6.469844898834083,-2.894147045424947,-3.2463100037612724,-1.0589448960436103,3.1557597129588393,6.3484434410452355,4.180473109608022,5.044733841705415,-0.23423006889037223,2.633091015615846,2.2951720850514232,4.675422766122166,-3.1557597129588393,-6.3484434410452355,-4.180473109608022,-5.044733841705415,0.23423006889037223,-2.633091015615846,-2.2951720850514232,-4.675422766122166
29,-2.3861221942631996,-3.0175748328669663,-2.62983960958082,-4.494193280967716,-3.7312626947925,-7.445275897086395,-2.7052646104646048,-5.4253493772798045,6.146113658753317,3.6008368775568913,5.589054631361235,1.79662174417113,4.3876955295862015,-1.2264894689134813,5.37074988144728,0.7823707669187128,-6.146113658753317,-3.6008368775568913,-5.589054631361235,-1.79662174417113,-4.3876955295862015,1.2264894689134813,-5.37074988144728,-0.7823707669187128,-2.7770482711355555,0.1551337865502873,-1.4539719290635782,-0.4835557042201968,-6.667959651248486,-2.9075207939977896,-3.496164327974646,-1.0786475705558995,3.23897076878158,6.752389543227522,4.2605924574997465,5.437493540923122,-0.10653264535860307,2.9692133965986374,2.394040700522738,5.053032160249761,-3.23897076878158,-6.752389543227522,-4.2605924574997465,-5.437493540923122,0.10653264535860307,-2.9692133965986374,-2.394040700522738,-5.053032160249761
30,-2.802407702509786,-3.4528820048781483,-3.103350859629865,-5.114212046402116,-4.167806197810661,-7.945423813967716,-3.141820243381229,-5.907849667956544,6.009549961718511,3.5563424750367663,5.4327357247564505,1.3976211155369018,4.2432151080552725,-1.4235662097370003,5.2529906505629995,0.5468461290600386,-6.009549961718511,-3.5563424750367663,-5.4327357247564505,-1.3976211155369018,-4.2432151080552725,1.4235662097370003,-5.2529906505629995,-0.5468461290600386,-3.0583256581788394,0.07086937961454165,-1.7301223871683744,-0.5350723877178307,-6.860748843256765,-3.012559246365854,-3.7250434365174714,-1.158920751489715,3.359317746842282,7.091577427901491,4.331829877951397,5.830261726761889,0.027347220146654028,3.2148138842144656,2.488089333791458,5.378884346292615,-3.359317746842282,-7.091577427901491,-4.331829877951397,-5.830261726761889,-0.027347220146654028,-3.2148138842144656,-2.488089333791458,-5.378884346292615
31,-3.255542513679533,-3.7553553500138417,-3.5978793317470767,-5.760291562864667,-4.77577558379593,-8.28659274566804,-3.596993263889317,-6.41436738108994,5.843880794069925,3.5588550155529948,5.289804883838872,0.9856297274310144,4.013877307095706,-1.5019265481367476,5.127021826696051,0.32741596528898764,-5.843880794069925,-3.5588550155529948,-5.289804883838872,-0.9856297274310144,-4.013877307095706,1.5019265481367476,-5.127021826696051,-0.32741596528898764,-3.346749189830309,-0.02344409025127092,-2.0382607128776655,-0.6154224794021896,-7.1216425872338895,-3.185562306121534,-3.9857784047710902,-1.2748096252583325,3.48374015976463,7.313322639152657,4.384080336218607,6.122921550813072,0.1991843834095648,3.501457020560344,2.5902484344025143,5.6459004035086915,-3.48374015976463,-7.313322639152657,-4.384080336218607,-6.122921550813072,-0.1991843834095648,-3.501457020560344,-2.5902484344025143,-5.6459004035086915
32,-3.891282312876582,-3.9799448337651064,-3.968155578087213,-6.519123582505555,-5.400773893115797,-8.603609778572578,-4.086081198788463,-6.932087793569673,5.597568485777135,3.5864507187780807,5.190266909869339,0.5175954047006659,3.7556858431514275,-1.5247526857045752,4.973741427350818,0.1264220182456226,-5.597568485777135,-3.5864507187780807,-5.190266909869339,-0.5175954047006659,-3.7556858431514275,1.5247526857045752,-4.973741427350818,-0.1264220182456226,-3.582585948645729,-0.252646720315024,-2.349842955239401,-0.785501422945579,-7.368769500468613,-3.3353629438581804,-4.272744910767867,-1.4578370290395943,3.5666191949887383,7.486120214741968,4.439874458310997,6.415939840813296,0.3995022997198583,3.8281796691798062,2.707599667161731,5.910079908245024,-3.5666191949887383,-7.486120214741968,-4.439874458310997,-6.415939840813296,-0.3995022997198583,-3.8281796691798062,-2.707599667161731,-5.910079908245024
33,-4.527030077222101,-4.33898475557579,-4.333279823861721,-7.102268067112945,-5.847179463269766,-8.821278487711607,-4.554883886568783,-7.377244023410711,5.3507420929525695,3.745267785723252,5.096152912745489,0.19585653001203518,3.581021507835663,-1.4481536044948786,4.810785041316507,-0.003264453346572438,-5.3507420929525695,-3.745267785723252,-5.096152912745489,-0.19585653001203518,-3.581021507835663,1.4481536044948786,-4.810785041316507,0.003264453346572438,-3.843516628922199,-0.5662623875140662,-2.6953023468086155,-1.055502876607334,-7.563928050745075,-3.4659322150167307,-4.548885931974319,-1.6958991597127104,3.62977180072492,7.614348680601637,4.47220688528946,6.598676259924108,0.5492757503948718,4.097173013909612,2.8127761266660194,6.10339931814512,-3.62977180072492,-7.614348680601637,-4.47220688528946,-6.598676259924108,-0.5492757503948718,-4.097173013909612,-2.8127761266660194,-6.10339931814512
34,-5.127797710921552,-4.432886198426459,-4.813158611218965,-7.536655576953754,-6.2528681164145645,-8.905992573654784,-5.0146902761291035,-7.695420544782555,5.1362507718204515,3.83835988018976,4.981212229208419,0.027433209314744467,3.4461651739972208,-1.2647836660799516,4.659026979149367,-0.03303501967036038,-5.1362507718204515,-3.83835988018976,-4.981212229208419,-0.027433209314744467,-3.4461651739972208,1.2647836660799516,-4.659026979149367,0.03303501967036038,-4.23092622190331,-0.8904621635355161,-3.039891486223995,-1.4473236848831457,-7.7496632026143,-3.5991441269657405,-4.815778721963757,-1.9789766584614679,3.678384758424957,7.7447943271472734,4.524433129562088,6.695338600268465,0.7211003744997417,4.3774441203137,2.9011602268939605,6.27252568257648,-3.678384758424957,-7.7447943271472734,-4.524433129562088,-6.695338600268465,-0.7211003744997417,-4.3774441203137,-2.9011602268939605,-6.27252568257648
35,-5.551066480333363,-4.551102315640607,-5.2647174296917765,-7.8913353188516115,-6.696137580388514,-8.933418239001226,-5.51235269973399,-7.916748315313322,5.004288350745263,4.0193776216493315,4.887705667812919,0.014782337795597122,3.3576914405502594,-0.9185517785336881,4.500801911307123,0.03306990370326002,-5.004288350745263,-4.0193776216493315,-4.887705667812919,-0.014782337795597122,-3.3576914405502594,0.9185517785336881,-4.500801911307123,-0.03306990370326002,-4.638159122206517,-1.1713610931992928,-3.3764219447926447,-1.8905327299322998,-8.013206681240998,-3.7410970060582893,-5.119003789770086,-2.2676636097299605,3.712331109764121,7.902901494308656,4.601865824286581,6.73136461357467,0.9603308900811691,4.63775183261562,3.000450319070427,6.424005980166315,-3.712331109764121,-7.902901494308656,-4.601865824286581,-6.73136461357467,-0.9603308900811691,-4.63775183261562,-3.000450319070427,-6.424005980166315
36,-5.938876558167275,-4.655123515239186,-5.688860917130395,-8.061149352495155,-7.02465718137249,-8.889543986961334,-6.013406271653352,-8.102174855580211,4.908328144227078,4.333795947169635,4.828974058374527,0.2659081882331522,3.3764946147882595,-0.4779660604784777,4.369457999403817,0.2851281720129242,-4.908328144227078,-4.333795947169635,-4.828974058374527,-0.2659081882331522,-3.3764946147882595,0.4779660604784777,-4.369457999403817,-0.2851281720129242,-5.037798142633413,-1.374975146548608,-3.7060547908017867,-2.2713412486686657,-8.232958328969069,-3.976116176817445,-5.452473531416433,-2.5408108573449066,3.7506552868384917,8.073510024659047,4.687792924730798,6.730853083327491,1.1374733652186237,4.8550063886776496,3.1201516415253625,6.553123165554729,-3.7506552868384917,-8.073510024659047,-4.687792924730798,-6.730853083327491,-1.1374733652186237,-4.8550063886776496,-3.1201516415253625,-6.553123165554729
37,-6.383640460249094,-4.701169455551531,-5.9872853308127425,-8.054428570961301,-7.209916636088746,-8.805847452857654,-6.422643487775275,-8.116610325339186,4.847406427039162,4.713284481085687,4.80387109395135,0.6346134087126583,3.4608543842114674,-0.08969485851252657,4.295860962298051,0.5859225163466659,-4.847406427039162,-4.713284481085687,-4.80387109395135,-0.6346134087126583,-3.4608543842114674,0.08969485851252657,-4.295860962298051,-0.5859225163466659,-5.326596107937718,-1.5742732497208056,-3.965380089961217,-2.6298930090641974,-8.477116080738288,-4.26414950972632,-5.745378853854565,-2.8227719228371084,3.795632682847674,8.290970547396668,4.743718660808049,6.743555203175409,1.3040764095740802,4.986823421032951,3.210615770955055,6.6737830572016765,-3.795632682847674,-8.290970547396668,-4.743718660808049,-6.743555203175409,-1.3040764095740802,-4.986823421032951,-3.210615770955055,-6.6737830572016765
38,-6.684658467031017,-4.720533187350508,-6.2610262353806405,-7.971882798276004,-7.3458389226728364,-8.711309818931005,-6.716733197340597,-8.100601595480908,4.845137947558509,5.027374789846075,4.805753103478158,1.006371663043378,3.589969268477203,0.3188465849807969,4.280620748256327,0.8996049155987462,-4.845137947558509,-5.027374789846075,-4.805753103478158,-1.006371663043378,-3.589969268477203,-0.3188465849807969,-4.280620748256327,-0.8996049155987462,-5.622884024270009,-1.847919590055283,-4.230617218834878,-2.9674309846012115,-8.84262714311659,-4.541392539744317,-6.01144313583696,-3.1189143714669374,3.833310705090134,8.583018266004311,4.807114811264282,6.7975574110725505,1.4915356690897128,5.053949451663743,3.3022746345620124,6.811508376246868,-3.833310705090134,-8.583018266004311,-4.807114811264282,-6.7975574110725505,-1.4915356690897128,-5.053949451663743,-3.3022746345620124,-6.811508376246868
39,-6.9560067146650475,-4.746888749971987,-6.60290094513347,-7.8667630408108895,-7.47423095039829,-8.606249764692704,-7.0052688887308765,-8.068722864883183,4.878472681331053,5.362904830804419,4.8344121616432165,1.4344242693067457,3.822233848872153,0.7374126256057094,4.301225326893864,1.2832757073577437,-4.878472681331053,-5.362904830804419,-4.8344121616432165,-1.4344242693067457,-3.822233848872153,-0.7374126256057094,-4.301225326893864,-1.2832757073577437,-6.01413625376048,-2.1296774167275005,-4.588440041306852,-3.3846030498774837,-9.13822036803,-4.957345789182341,-6.351317069564483,-3.4905420852624403,3.8839447650714822,8.84034158737728,4.888798973656999,6.85366075722977,1.6032286449065105,5.093957465820123,3.4045484492789484,6.929319936809058,-3.8839447650714822,-8.84034158737728,-4.888798973656999,-6.85366075722977,-1.6032286449065105,-5.093957465820123,-3.4045484492789484,-6.929319936809058
40,-7.295109049343441,-4.784352971562736,-6.952800819109706,-7.765641435290151,-7.5453734048579335,-8.523966989815184,-7.312954156658712,-8.015344291734285,4.962204500669521,5.829218068762506,4.858854102874163,1.9073486740924457,4.040958342327235,1.1404573103575846,4.36648692837319,1.7069353671332994,-4.962204500669521,-5.829218068762506,-4.858854102874163,-1.9073486740924457,-4.040958342327235,-1.1404573103575846,-4.36648692837319,-1.7069353671332994,-6.392181449487985,-2.3905587405671964,-4.964392373954093,-3.7684320414369914,-9.467122249515247,-5.417376461049924,-6.705582998581524,-3.8587890810180383,3.940937913819627,8.956985671740926,4.9490867719082035,6.9220848796103445,1.6700445880716779,5.0884288291408994,3.478753393962066,6.989166460164057,-3.940937913819627,-8.956985671740926,-4.9490867719082035,-6.9220848796103445,-1.6700445880716779,-5.0884288291408994,-3.478753393962066,-6.989166460164057
41,-7.53108023079276,-4.806536887714479,-7.311460149420837,-7.687415815857667,-7.621613038204497,-8.472518339074083,-7.556560753842943,-7.9682960708972725,5.0550707597757665,6.1983097049653715,4.871185092493705,2.3857027978816587,4.27647997376645,1.5355887575190943,4.442749262904514,2.105431739567125,-5.0550707597757665,-6.1983097049653715,-4.871185092493705,-2.3857027978816587,-4.27647997376645,-1.5355887575190943,-4.442749262904514,-2.105431739567125,-6.7692185374452265,-2.770444919348571,-5.357643223027468,-4.0575164946108995,-9.805828188273724,-5.802929824643387,-7.0723156406769005,-4.210297079534286,3.996639521325238,9.036894975152594,5.000384586626484,6.998289857196215,1.728305618124724,5.046079583779471,3.5371223628392627,7.027088138709427,-3.996639521325238,-9.036894975152594,-5.000384586626484,-6.998289857196215,-1.728305618124724,-5.046079583779471,-3.5371223628392627,-7.027088138709427
42,-7.725503953636096,-4.811559399845379,-7.684435715461136,-7.6422116010995556,-7.723952840440528,-8.442789311005244,-7.796748569516575,-7.944863636604696,5.188432859190154,6.588615492323602,4.866152746076011,2.739886375883126,4.505747701908879,1.8249843160748487,4.530690602502536,2.4670467616075653,-5.188432859190154,-6.588615492323602,-4.866152746076011,-2.739886375883126,-4.505747701908879,-1.8249843160748487,-4.530690602502536,-2.4670467616075653,-7.033812282195173,-3.1580496162948846,-5.751860221128171,-4.3299171873384665,-10.143593414517483,-6.198309088983281,-7.442302315615708,-4.562091964205544,4.051050450612169,9.041983061522394,5.062430957941529,7.108090123095837,1.7899025207096178,4.978741624495693,3.59579203246383,7.042938269704642,-4.051050450612169,-9.041983061522394,-5.062430957941529,-7.108090123095837,-1.7899025207096178,-4.978741624495693,-3.59579203246383,-7.042938269704642
43,-7.909078339508383,-4.815447686933943,-7.980790627191032,-7.616089959347576,-7.806286028176679,-8.423636224439486,-8.042680919064681,-7.938734820528007,5.346229903287288,6.988791302650169,4.841137367108259,3.0817830900286047,4.666546208031242,2.108082559342721,4.626685325340251,2.832915265160672,-5.346229903287288,-6.988791302650169,-4.841137367108259,-3.0817830900286047,-4.666546208031242,-2.108082559342721,-4.626685325340251,-2.832915265160672,-7.287764635896137,-3.5344891129074396,-6.055684583872727,-4.714505313529953,-10.580893541176668,-6.707246758960832,-7.744363426861795,-4.985413728466076,4.115013043042089,9.068924360935759,5.113593987259356,7.199107412128858,1.8768143432789643,4.875419131703659,3.6515156528603807,7.047816968256091,-4.115013043042089,-9.068924360935759,-5.113593987259356,-7.199107412128858,-1.8768143432789643,-4.875419131703659,-3.6515156528603807,-7.047816968256091
44,-8.073392008451325,-4.846034519761819,-8.371403035939165,-7.603765109602861,-7.939293485301487,-8.418473973917648,-8.278986511709215,-7.9356368138084274,5.525282082566958,7.380869152200585,4.796389726369857,3.414175630019013,4.912691700010904,2.479283378320587,4.696324366836986,3.1611094049810537,-5.525282082566958,-7.380869152200585,-4.796389726369857,-3.414175630019013,-4.912691700010904,-2.479283378320587,-4.696324366836986,-3.1611094049810537,-7.62343438720748,-3.9145865062403695,-6.376747757955622,-5.141977391043483,-10.921566824912402,-7.181080749299216,-8.08180197834281,-5.412548215527691,4.210446595085096,9.069920403901921,5.146077695263558,7.256584381190238,1.930455704876819,4.78897690176573,3.712635027194871,7.038493895619297,-4.210446595085096,-9.069920403901921,-5.146077695263558,-7.256584381190238,-1.930455704876819,-4.78897690176573,-3.712635027194871,-7.038493895619297
45,-8.27725851588271,-4.917315713622138,-8.840114431866832,-7.586814937099087,-8.08300542405032,-8.428899781728463,-8.544367370341154,-7.929940176843525,5.7873783006454556,7.73334155945264,4.740175850404815,3.75473415714284,5.163301513444866,2.8493077973249887,4.804088938646656,3.528464449467695,-5.7873783006454556,-7.73334155945264,-4.740175850404815,-3.75473415714284,-5.163301513444866,-2.8493077973249887,-4.804088938646656,-3.528464449467695,-7.968975191251811,-4.34518193085531,-6.825483427592815,-5.507067186200384,-11.240140901169179,-7.661960518151673,-8.456828213237568,-5.838069878402456,4.313763122146592,9.031868307660611,5.155832964433135,7.2955426120330165,1.9671938614736306,4.681517697719083,3.7655784214650168,7.002976205804237,-4.313763122146592,-9.031868307660611,-5.155832964433135,-7.2955426120330165,-1.9671938614736306,-4.681517697719083,-3.7655784214650168,-7.002976205804237
46,-8.420657434076237,-5.039084248902677,-9.227330857894886,-7.593566771973215,-8.201429515250666,-8.477237680207663,-8.78253495389088,-7.936962153434697,5.999313763092168,8.04609595953319,4.677741520003779,4.207360151132468,5.310883828443599,3.1960347785083005,4.919413114356676,3.9360731905745605,-5.999313763092168,-8.04609595953319,-4.677741520003779,-4.207360151132468,-5.310883828443599,-3.1960347785083005,-4.919413114356676,-3.9360731905745605,-8.304837570512912,-4.7923597216355835,-7.236325333723773,-5.894299950725694,-11.571456626192964,-8.28636404249515,-8.815147142048254,-6.324341238285475,4.430557678476002,8.995982866476298,5.187745000171451,7.320797196502714,2.0111950020616995,4.506196559970824,3.8229006612638914,6.940992207649946,-4.430557678476002,-8.995982866476298,-5.187745000171451,-7.320797196502714,-2.0111950020616995,-4.506196559970824,-3.8229006612638914,-6.940992207649946
47,-8.54908892003957,-5.21079029953329,-9.613562435458869,-7.631601992447827,-8.398358971153616,-8.543245117242671,-9.005524733126633,-7.975948804028588,6.217102556905003,8.324742386193533,4.611922130477269,4.523645321290216,5.519116727287376,3.4411685325974926,5.006351482607307,4.287769857538386,-6.217102556905003,-8.324742386193533,-4.611922130477269,-4.523645321290216,-5.519116727287376,-3.4411685325974926,-5.006351482607307,-4.287769857538386,-8.606705645020948,-5.225826044047969,-7.642319837325385,-6.29967752350329,-11.916798726243805,-8.728917061931496,-9.172871344677088,-6.751473543160918,4.565990394636315,8.980433458826438,5.22939267837114,7.3206528859268785,2.073727374157562,4.3747682366094285,3.8903817863029473,6.891951527120915,-4.565990394636315,-8.980433458826438,-5.22939267837114,-7.3206528859268785,-2.073727374157562,-4.3747682366094285,-3.8903817863029473,-6.891951527120915
48,-8.70177726131195,-5.367132399808831,-9.993671465876142,-7.708132291236717,-8.62370670232852,-8.654921802181148,-9.265826397710503,-8.047221780589998,6.401304657846364,8.483573182901258,4.541131105441989,4.800567818752407,5.708368950572172,3.6548560623864503,5.139530846569638,4.579279410472866,-6.401304657846364,-8.483573182901258,-4.541131105441989,-4.800567818752407,-5.708368950572172,-3.6548560623864503,-5.139530846569638,-4.579279410472866,-8.828933561179882,-5.645848619124375,-8.050926781245899,-6.798492749679598,-12.335356846576037,-9.261312709037126,-9.52481038417022,-7.235218025947033,4.652643643397041,8.977509422125298,5.272790467926332,7.3013182791484486,2.175652284042395,4.2489143136132705,3.9708360789067365,6.8425806716290065,-4.652643643397041,-8.977509422125298,-5.272790467926332,-7.3013182791484486,-2.175652284042395,-4.2489143136132705,-3.9708360789067365,-6.8425806716290065
49,-8.867123084984968,-5.639302667992514,-10.519438337728273,-7.820274260496417,-8.810236588023436,-8.838470443284157,-9.563997571450694,-8.162417510416235,6.553670254718563,8.68128518821801,4.420521996597194,5.038690544818882,5.796476888419921,3.905268352935873,5.233057038865209,4.834134295784859,-6.553670254718563,-8.68128518821801,-4.420521996597194,-5.038690544818882,-5.796476888419921,-3.905268352935873,-5.233057038865209,-4.834134295784859,-9.076057928409648,-6.155658194623011,-8.371023961043814,-7.295625937849097,-12.64254538522632,-9.802499740847164,-9.845104789599912,-7.751261291106424,4.7254774416540455,9.015509329008513,5.288690327367045,7.302390301323055,2.2570367833261344,4.138821977868675,4.0389954182688275,6.818907202733415,-4.7254774416540455,-9.015509329008513,-5.288690327367045,-7.302390301323055,-2.2570367833261344,-4.138821977868675,-4.0389954182688275,-6.818907202733415
50,-9.11593096235871,-5.94083995200214,-11.052300586376743,-7.9774789823682415,-9.004840013033874,-9.025528328127463,-9.846605444886263,-8.333237314951385,6.704669827647068,8.84357366127603,4.2859443210349815,5.234947589908458,5.877202628098223,4.05120667146409,5.290163390898,5.0759062165513065,-6.704669827647068,-8.84357366127603,-4.2859443210349815,-5.234947589908458,-5.877202628098223,-4.05120667146409,-5.290163390898,-5.0759062165513065,-9.438325765854199,-6.662974503594792,-8.789427080981294,-7.688594942974614,-12.942812630873394,-10.38842653402688,-10.169343464872423,-8.246665326865429,4.80559908370333,9.05461792021274,5.26716192528322,7.268881276924321,2.329707106438877,3.9843481207303926,4.083225383421134,6.769282439289151,-4.80559908370333,-9.05461792021274,-5.26716192528322,-7.268881276924321,-2.329707106438877,-3.9843481207303926,-4.083225383421134,-6.769282439289151
51,-9.333272542702641,-6.154431649842104,-11.528133268848473,-8.225742244762573,-9.37013355855829,-9.244098070841124,-10.12098026113778,-8.530458397455776,6.7715656255176135,8.932650342952991,4.162010404355396,5.447904437293898,5.942875468113563,4.169817990238782,5.3371613655446914,5.248481537425102,-6.7715656255176135,-8.932650342952991,-4.162010404355396,-5.447904437293898,-5.942875468113563,-4.169817990238782,-5.3371613655446914,-5.248481537425102,-9.828516427947529,-7.0766953713599134,-9.386702985022389,-8.189281405844014,-13.328944721073093,-10.959644856581157,-10.589280460583328,-8.741873877928361,4.843376269999953,9.09948927142576,5.207705584858668,7.160264581010232,2.4072850142839166,3.8359931914113643,4.1143372583336255,6.698582347949118,-4.843376269999953,-9.09948927142576,-5.207705584858668,-7.160264581010232,-2.4072850142839166,-3.8359931914113643,-4.1143372583336255,-6.698582347949118
52,-9.580000387970404,-6.384034484047502,-12.007590387395686,-8.487394724140012,-9.780387190133311,-9.482739834642759,-10.457679090385996,-8.78125589421404,6.792219047291532,8.994885758023452,4.063945797964074,5.5846715662748165,5.95976505375789,4.267744707680032,5.377152642376764,5.399511688449222,-6.792219047291532,-8.994885758023452,-4.063945797964074,-5.5846715662748165,-5.95976505375789,-4.267744707680032,-5.377152642376764,-5.399511688449222,-10.26647827039625,-7.471653830000601,-9.747016494697235,-8.679243089434397,-13.61406152390689,-11.501866740524573,-10.96815921457262,-9.21758788665319,4.834968394199909,9.16197753812757,5.158769515007396,7.064418052283698,2.460859304159071,3.6872575651479655,4.1364769330970885,6.637884385186411,-4.834968394199909,-9.16197753812757,-5.158769515007396,-7.064418052283698,-2.460859304159071,-3.6872575651479655,-4.1364769330970885,-6.637884385186411
53,-9.948942594254117,-6.752794078425394,-12.376404983097219,-8.72471480809041,-10.072838832908477,-9.771539590586832,-10.800304458602762,-9.040422271467923,6.780733653992103,9.044516899573454,4.038252903244971,5.669170280568736,5.949056934762211,4.336641216263578,5.424551396994675,5.514416323380285,-6.780733653992103,-9.044516899573454,-4.038252903244971,-5.669170280568736,-5.949056934762211,-4.336641216263578,-5.424551396994675,-5.514416323380285,-10.742127690393907,-7.877987945754811,-10.221615423529252,-8.995581043853875,-13.925179295708745,-11.96041542457227,-11.367385072610798,-9.61132813806032,4.778678008869536,9.172478407289038,5.100919460776319,7.088244793089703,2.525711175497945,3.5151229563314983,4.1322490530451,6.591948718903414,-4.778678008869536,-9.172478407289038,-5.100919460776319,-7.088244793089703,-2.525711175497945,-3.5151229563314983,-4.1322490530451,-6.591948718903414
54,-10.351202495563793,-7.110684533724472,-12.713551041136425,-9.057901598599935,-10.877794976503449,-10.084692572041787,-11.082617552322196,-9.318948352899111,6.737106017623891,9.119005413326429,4.051177298635944,5.747811083716875,5.810830661620658,4.371673699337242,5.447588755083288,5.5932876545165,-6.737106017623891,-9.119005413326429,-4.051177298635944,-5.747811083716875,-5.810830661620658,-4.371673699337242,-5.447588755083288,-5.5932876545165,-11.171352971452464,-8.333974506074476,-10.755551560192979,-9.288435994641802,-14.253821632068721,-12.535994419576037,-11.807619515431874,-10.052801640097439,4.682530601368218,9.094310338928812,5.050002251519476,7.160571871751901,2.577870118394785,3.256314835060761,4.118130478628986,6.503732348580492,-4.682530601368218,-9.094310338928812,-5.050002251519476,-7.160571871751901,-2.577870118394785,-3.256314835060761,-4.118130478628986,-6.503732348580492
55,-10.784149780104478,-7.364369347965114,-13.04232569028395,-9.54482966876091,-11.231057528590199,-10.4223111098454,-11.630850333875104,-9.662176314839554,6.66214971687509,9.162028756681346,4.122269216048103,5.82621917759754,5.73095609440289,4.378569720131539,5.409813329461025,5.651846318524764,-6.66214971687509,-9.162028756681346,-4.122269216048103,-5.82621917759754,-5.73095609440289,-4.378569720131539,-5.409813329461025,-5.651846318524764,-11.59642198748016,-8.843928728826988,-11.298626689696798,-9.646394381956172,-14.63929574933261,-13.085826159117767,-12.241267097739328,-10.525383089966976,4.5554225813286715,8.936185253747148,4.987911544055728,7.248682087577312,2.6306287206272168,3.014613535054008,4.082770754606244,6.399826958792823,-4.5554225813286715,-8.936185253747148,-4.987911544055728,-7.248682087577312,-2.6306287206272168,-3.014613535054008,-4.082770754606244,-6.399826958792823
56,-11.148425943828002,-7.637144441333097,-13.24886706384279,-9.812868977307167,-11.597206753895001,-10.78364137081631,-11.734598291606465,-9.986982128415475,6.578787923586553,9.192310658420412,4.233835442221692,5.853731669523455,5.645121107665821,4.362003507000177,5.465455388056182,5.679859536614835,-6.578787923586553,-9.192310658420412,-4.233835442221692,-5.853731669523455,-5.645121107665821,-4.362003507000177,-5.465455388056182,-5.679859536614835,-11.999983900206335,-9.391910431823959,-11.723418730071854,-9.99698187033672,-15.05725300615358,-13.621417689570292,-12.653045488961538,-11.003436663910325,4.40605287081543,8.724542969379696,4.922331259616988,7.306783475999304,2.679871349990187,2.771961032161547,4.036127520524293,6.2677624925135165,-4.40605287081543,-8.724542969379696,-4.922331259616988,-7.306783475999304,-2.679871349990187,-2.771961032161547,-4.036127520524293,-6.2677624925135165
57,-11.467603959499645,-8.058081330201398,-13.355953679842306,-10.23313990930185,-11.896736252720896,-11.188170137524304,-12.022134648071782,-10.36681267783703,6.503986229778086,9.211174600734205,4.437748829500265,5.855277762564386,5.5736381307701865,4.281828758209245,5.492259115953713,5.6996823345023495,-6.503986229778086,-9.211174600734205,-4.437748829500265,-5.855277762564386,-5.5736381307701865,-4.281828758209245,-5.492259115953713,-5.6996823345023495,-12.49411594082762,-9.950189962709004,-12.177785694848,-10.345153183575837,-15.363372435112058,-14.258156395389284,-13.078340867069304,-11.517833180558041,4.191866888620432,8.48966487996145,4.827221525706276,7.336597956652408,2.6875401077054577,2.4731453318285572,3.971048582170631,6.099802722814139,-4.191866888620432,-8.48966487996145,-4.827221525706276,-7.336597956652408,-2.6875401077054577,-2.4731453318285572,-3.971048582170631,-6.099802722814139
58,-12.032870945781855,-8.497059413497672,-13.373976920421123,-10.664409627543806,-12.34051127122913,-11.61733513435099,-12.294507898213217,-10.72997377756723,6.35511056378086,9.196933184789225,4.758225784813643,5.818019251557793,5.472732386564623,4.139163762745387,5.545487671896216,5.67487902902148,-6.35511056378086,-9.196933184789225,-4.758225784813643,-5.818019251557793,-5.472732386564623,-4.139163762745387,-5.545487671896216,-5.67487902902148,-12.981822746488863,-10.494603970521215,-12.80666178243842,-10.706591447419019,-15.66894613553059,-14.873734630264975,-13.554716719459364,-12.024976682735067,3.9653572442691845,8.251683293456058,4.6549374631868625,7.375707019856287,2.6619219277164228,2.173841590005207,3.844781486504251,5.933743967772517,-3.9653572442691845,-8.251683293456058,-4.6549374631868625,-7.375707019856287,-2.6619219277164228,-2.173841590005207,-3.844781486504251,-5.933743967772517
59,-12.52062781632554,-8.806786897251664,-13.320805659712407,-11.073962909412609,-12.797225560222934,-12.065424635100468,-12.498052698826784,-11.100471568255054,6.197354155477796,9.161426179516214,5.0846036347861565,5.798120325821336,5.375306918292612,3.953343944686468,5.602665365158996,5.630785022534397,-6.197354155477796,-9.161426179516214,-5.0846036347861565,-5.798120325821336,-5.375306918292612,-3.953343944686468,-5.602665365158996,-5.630785022534397,-13.445776153380432,-11.043343066470019,-13.427795640686137,-11.127141020424347,-16.074629772529345,-15.371398702037668,-14.026188174235195,-12.513960929644009,3.745600859600809,8.01689558071088,4.453860348196089,7.353081078177613,2.6035690244144427,1.930885908767105,3.693713173393899,5.766954189218533,-3.745600859600809,-8.01689558071088,-4.453860348196089,-7.353081078177613,-2.6035690244144427,-1.930885908767105,-3.693713173393899,-5.766954189218533
60,-12.952319441612111,-9.285752185035959,-13.268511883058258,-11.526654471951227,-13.109159554686535,-12.527588481919812,-12.734939118002027,-11.541044218973854,6.036929933789057,9.088426809026966,5.451189844638879,5.8003299403562245,5.311874055221219,3.745098871900135,5.66629162243856,5.575869602130985,-6.036929933789057,-9.088426809026966,-5.451189844638879,-5.8003299403562245,-5.311874055221219,-3.745098871900135,-5.66629162243856,-5.575869602130985,-13.973658336115456,-11.68123208624705,-14.004791410596662,-11.818316897702942,-16.479647119345696,-15.89691144248476,-14.50839911216881,-13.132153475478253,3.5316006007573995,7.782753790158006,4.279225243971953,7.176764865585469,2.52579777097089,1.6420549854850905,3.5427983759957353,5.533857880409522,-3.5316006007573995,-7.782753790158006,-4.279225243971953,-7.176764865585469,-2.52579777097089,-1.6420549854850905,-3.5427983759957353,-5.533857880409522
61,-13.50984778887959,-9.771252279504603,-13.227568434555058,-11.83906768903943,-13.60368084495023,-12.967484845863444,-13.061951726926294,-11.945562601375125,5.81465168629401,8.991173047769307,5.8730528129650885,5.800601836104425,5.207302983690231,3.5867265362000884,5.724812233790884,5.501798071136614,-5.81465168629401,-8.991173047769307,-5.8730528129650885,-5.800601836104425,-5.207302983690231,-3.5867265362000884,-5.724812233790884,-5.501798071136614,-14.439161162812777,-12.313028429997633,-14.550055208066341,-12.514621366033566,-16.774554508130144,-16.525017853947105,-15.001120221175832,-13.784222549992768,3.4165082636346034,7.571381672839568,4.104801522780339,6.88324255108111,2.4686759227296435,1.283228059299152,3.3873999648362094,5.245950761073277,-3.4165082636346034,-7.571381672839568,-4.104801522780339,-6.88324255108111,-2.4686759227296435,-1.283228059299152,-3.3873999648362094,-5.245950761073277
62,-14.06845190548633,-10.092053737848234,-13.248456712976798,-12.299293138739388,-14.095965920051587,-13.363674036380102,-13.335478108069305,-12.34884570050765,5.594034905598617,8.906852155857022,6.166345565636235,5.768373658306978,5.103280154793035,3.4861307059661844,5.748846727556448,5.426428898213112,-5.594034905598617,-8.906852155857022,-6.166345565636235,-5.768373658306978,-5.103280154793035,-3.4861307059661844,-5.748846727556448,-5.426428898213112,-14.753323696722457,-12.80636750761597,-15.035838383234937,-13.095380633380145,-17.069583411587118,-17.09798202328828,-15.416518018059286,-14.333243388094798,3.4305553926132033,7.399157905445117,3.947461003883638,6.56339333954694,2.4286701277799403,0.98373648768488,3.277548396749295,4.982095910892313,-3.4305553926132033,-7.399157905445117,-3.947461003883638,-6.56339333954694,-2.4286701277799403,-0.98373648768488,-3.277548396749295,-4.982095910892313
63,-14.627645796045435,-10.407205936199604,-13.335331809670544,-12.753801786980388,-14.421089731174657,-13.668038970908006,-13.673174112150642,-12.792066742688304,5.399168376397279,8.820625327004846,6.40251458407192,5.707637686271127,5.034937194733228,3.566488869229186,5.7392379692951,5.3483185072934445,-5.399168376397279,-8.820625327004846,-6.40251458407192,-5.707637686271127,-5.034937194733228,-3.566488869229186,-5.7392379692951,-5.3483185072934445,-15.001193073365947,-13.420982324097707,-15.449520692290124,-13.808220665009966,-17.45269095693723,-17.581348408062127,-15.757475933533232,-14.936850465723266,3.528486476551575,7.122548947366801,3.839182640240966,6.087168706421648,2.4111114735066725,0.7193566959499078,3.23280272021137,4.643024783246119,-3.528486476551575,-7.122548947366801,-3.839182640240966,-6.087168706421648,-2.4111114735066725,-0.7193566959499078,-3.23280272021137,-4.643024783246119
64,-15.166830820840932,-10.872219482887095,-13.51176395102909,-13.199932134983735,-14.875228310846442,-13.737624603383212,-14.081922633393104,-13.204065201688271,5.209789996831665,8.689315122508717,6.5494038060871285,5.642268612699987,4.961711173851659,3.9553978601573485,5.679434017836089,5.320896950104846,-5.209789996831665,-8.689315122508717,-6.5494038060871285,-5.642268612699987,-4.961711173851659,-3.9553978601573485,-5.679434017836089,-5.320896950104846,-15.20788395743158,-13.981717051417181,-15.809973191619735,-14.562417860759286,-17.828494891436563,-18.052497654808544,-16.08795240730764,-15.532210855661669,3.7099866616009134,6.839780559575285,3.831994923649611,5.558950049650712,2.442349752505678,0.40965844035803833,3.2571976245692866,4.269463016528012,-3.7099866616009134,-6.839780559575285,-3.831994923649611,-5.558950049650712,-2.442349752505678,-0.40965844035803833,-3.2571976245692866,-4.269463016528012
65,-15.76111276897597,-11.348024196354514,-13.774901727779072,-13.636874010959255,-15.30527190282372,-14.165743999065194,-14.464211201553033,-13.479841523953054,4.999568029305469,8.56509417460819,6.591162610919355,5.58252869423019,4.891706043063927,4.1976244632913495,5.597033705861765,5.402513010286873,-4.999568029305469,-8.56509417460819,-6.591162610919355,-5.58252869423019,-4.891706043063927,-4.1976244632913495,-5.597033705861765,-5.402513010286873,-15.326343310741159,-14.417909143847606,-16.145810328979138,-15.159343311304045,-18.197294077664342,-18.455014222048376,-16.394063059282423,-16.010755559066673,3.9172867495967187,6.597371502663568,3.883226574996967,5.1855636836628705,2.5096639554427065,0.1748869529116872,3.34518766303452,3.9859407130793754,-3.9172867495967187,-6.597371502663568,-3.883226574996967,-5.1855636836628705,-2.5096639554427065,-0.1748869529116872,-3.34518766303452,-3.9859407130793754
66,-16.405059978302614,-11.671864539119648,-14.127046369475286,-14.056924043151215,-15.706914287088996,-15.084249540345676,-14.919370238862067,-13.867615399361492,4.773708234384694,8.482094657124199,6.550311860146738,5.518140817185538,4.820774227368015,3.924509011256853,5.49405260557659,5.43305030936593,-4.773708234384694,-8.482094657124199,-6.550311860146738,-5.518140817185538,-4.820774227368015,-3.924509011256853,-5.49405260557659,-5.43305030936593,-15.356189219540404,-14.928152081765951,-16.44193314924115,-15.56598880249786,-18.546175323557833,-18.76376576761017,-16.655190179215552,-16.419302217291325,4.157890821641582,6.264341005699519,3.9991189233542466,5.014210387324427,2.58141833172326,0.10451479612294001,3.4753565427978907,3.794355396382296,-4.157890821641582,-6.264341005699519,-3.9991189233542466,-5.014210387324427,-2.58141833172326,-0.10451479612294001,-3.4753565427978907,-3.794355396382296
67,-16.949643372190994,-12.168162807020343,-14.552780703787063,-14.470074939254454,-16.18379601958561,-15.465700556267892,-15.384357889223589,-13.47024643087539,4.605584913891801,8.35286760627291,6.420002073623096,5.4708480698764745,4.740437241228505,3.693856016123373,5.364154839950928,6.564789675913669,-4.605584913891801,-8.35286760627291,-6.420002073623096,-5.4708480698764745,-4.740437241228505,-3.693856016123373,-5.364154839950928,-6.564789675913669,-15.415782213548116,-15.40775713718477,-16.762968804947917,-15.837857902591288,-18.96923787849397,-18.947557997638942,-16.888444449348714,-16.73105767913833,4.421007302706878,5.944456063477841,4.202808253406069,4.987479570576728,2.6240825042047717,0.19265774361095378,3.6473724689236375,3.7081977925551746,-4.421007302706878,-5.944456063477841,-4.202808253406069,-4.987479570576728,-2.6240825042047717,-0.19265774361095378,-3.6473724689236375,-3.7081977925551746
68,-17.37247881070211,-12.67166759948215,-15.042027235814325,-14.744209630536618,-16.587917812211398,-15.566470371643474,-15.879414844032778,-14.716485195635093,4.523170583454,8.215558332543123,6.235897323760541,5.4418547245275395,4.720646099928321,3.5980532325856664,5.20906866225604,5.231406077002879,-4.523170583454,-8.215558332543123,-6.235897323760541,-5.4418547245275395,-4.720646099928321,-3.5980532325856664,-5.20906866225604,-5.231406077002879,-15.683330535949999,-15.684882155359407,-17.04775813093739,-16.036361119691843,-19.3727868168761,-19.11297977415262,-17.144259407659824,-16.944741016401288,4.517900837788786,5.780710572265182,4.397542170493161,4.967105046177854,2.603873437354942,0.2684562526214558,3.814210659134937,3.672090623688164,-4.517900837788786,-5.780710572265182,-4.397542170493161,-4.967105046177854,-2.603873437354942,-0.2684562526214558,-3.814210659134937,-3.672090623688164
69,-17.567711496817967,-13.006570148161012,-15.571492183964024,-15.157205672254898,-16.94488783972857,-15.72304382735223,-16.4295128073571,-15.08924766243697,4.492963649340975,8.123614318036166,6.0190743315859105,5.389162098890049,4.730175275147121,3.447985130999781,5.034728737844401,5.109291030917893,-4.492963649340975,-8.123614318036166,-6.0190743315859105,-5.389162098890049,-4.730175275147121,-3.447985130999781,-5.034728737844401,-5.109291030917893,-16.1078124037766,-16.173496806076315,-17.26732973177053,-16.22111680531348,-19.67476555018318,-19.441088960531772,-17.44114902819888,-17.278567523973855,4.467941377281703,5.5329268720183125,4.5098491439530415,4.891577681608745,2.5025164693787816,0.21625531988081903,3.87720780636559,3.546919957835959,-4.467941377281703,-5.5329268720183125,-4.5098491439530415,-4.891577681608745,-2.5025164693787816,-0.21625531988081903,-3.87720780636559,-3.546919957835959
70,,-13.504903567272512,-16.233593843707823,-15.694722865180198,-17.17988996111419,-15.893836201653711,-16.966448422776416,-15.46744275450416,,7.991045042078811,5.74356596298883,5.31261339267551,4.759959371934748,3.2905285599937972,4.880254461047682,5.008764850716714,,-7.991045042078811,-5.74356596298883,-5.31261339267551,-4.759959371934748,-3.2905285599937972,-4.880254461047682,-5.008764850716714,-16.490879291614288,-16.61038261011079,-17.56540293044703,-16.507114641456248,-20.077764730506185,-19.9885236920393,-17.78266029480227,-17.70200698120211,4.29188416304476,5.31931963415417,4.520047274680124,4.644094738431706,2.256355922932395,-0.03881607125130593,3.8301683737802033,3.3081994337781904,-4.29188416304476,-5.31931963415417,-4.520047274680124,-4.644094738431706,-2.256355922932395,0.03881607125130593,-3.8301683737802033,-3.3081994337781904
71,,-13.998214790116348,-16.749652942794256,-16.048916700196813,-17.389450046660635,-16.128541999307657,-17.39840327781466,-15.805533448899885,,7.873716411280748,5.5562490377823055,5.294956818034356,4.79516724746415,3.094986368657487,4.7935204342391735,4.907086867397773,,-7.873716411280748,-5.5562490377823055,-5.294956818034356,-4.79516724746415,-3.094986368657487,-4.7935204342391735,-4.907086867397773,-16.990873834932227,-16.955132675785986,-17.97743160654199,-16.97314827800805,-20.485185248932275,-20.6560929719765,-18.182025209554155,-18.194791308590176,3.8582407973660677,5.139641173019655,4.36504561001969,4.296789108502063,1.9553562997214589,-0.3125698343115846,3.637761898665615,3.0412868157367114,-3.8582407973660677,-5.139641173019655,-4.36504561001969,-4.296789108502063,-1.9553562997214589,0.3125698343115846,-3.637761898665615,-3.0412868157367114
72,,-14.460498362078722,-17.188574998836906,-16.334764217709527,-17.65585052411014,-16.454010783344877,-17.68812223232937,-16.069380929064238,,7.78957198483843,5.461416031359186,5.333358300858114,4.837161735949615,2.830071786321364,4.761768486323001,4.836753833168045,,-7.78957198483843,-5.461416031359186,-5.333358300858114,-4.837161735949615,-2.830071786321364,-4.761768486323001,-4.836753833168045,-18.223464887779905,-17.27974473816861,-18.40754761321587,-17.564453186792406,-20.863671961379634,-21.027586740229346,-18.627868899026794,-18.623928221730118,2.439181513284608,4.95750810135823,4.134646014670907,3.8313489470659072,1.7009729304425034,-0.4103926055363205,3.316081037252811,2.7928214809626057,-2.439181513284608,-4.95750810135823,-4.134646014670907,-3.8313489470659072,-1.7009729304425034,0.4103926055363205,-3.316081037252811,-2.7928214809626057
73,,-14.976387548007333,-17.66791334232952,-16.617846128444285,-17.90948720703088,-16.648539421843026,-17.77308951985667,-16.408087971564306,,7.7194807573737085,5.510209631238165,5.452849353871059,4.877338824152188,2.7360279589390037,4.985602444726996,4.767213695074471,,-7.7194807573737085,-5.510209631238165,-5.452849353871059,-4.877338824152188,-2.7360279589390037,-4.985602444726996,-4.767213695074471,-19.75743453458543,-17.63181476258739,-18.85448541523556,-18.018599330053537,-21.175336176459645,,-19.313874088131698,-18.5540776885286,0.4997673358323951,4.766791688787339,3.897536899944404,3.3197954289753193,1.5808888090171345,,2.679230447890505,3.348946233080946,-0.4997673358323951,-4.766791688787339,-3.897536899944404,-3.3197954289753193,-1.5808888090171345,,-2.679230447890505,-3.348946233080946
74,,-15.258991711288578,-17.97750623704087,-16.795881734849623,-18.176454971956353,-16.74823969735833,-18.061086205937094,-16.74035984265977,,7.687583649639157,5.732034265394346,5.549517120655956,4.9291018187976245,2.9482864845908088,5.11751200604782,4.672021879624708,,-7.687583649639157,-5.732034265394346,-5.549517120655956,-4.9291018187976245,-2.9482864845908088,-5.11751200604782,-4.672021879624708,-20.826010095296404,-17.88797465611199,-19.305154827341646,-18.23349479693665,-21.42638336858475,,-20.07930851279557,-18.78960536873246,-0.7829805695121719,4.655876107781205,3.7331563584423737,3.0177101257879473,1.5885194797425204,,1.9379375010973012,3.142445790984193,0.7829805695121719,-4.655876107781205,-3.7331563584423737,-3.0177101257879473,-1.5885194797425204,,-1.9379375010973012,-3.142445790984193
75,,-15.83046963947975,-18.237524590773866,-16.99196669440891,-18.405993987662963,-16.90037813504842,-18.317913724263967,-17.02465889933304,,7.548788196765324,5.890262206542124,5.599525164274206,4.97524146945993,3.2957948107112713,5.216714520722995,4.629295142889232,,-7.548788196765324,-5.890262206542124,-5.599525164274206,-4.97524146945993,-3.2957948107112713,-5.216714520722995,-4.629295142889232,-21.704517348295465,-18.07351300345837,-19.645392846875843,-18.336266491459845,-21.6654859914575,,-20.632595436918997,-18.93376038966725,-0.950264333075105,4.60571534538464,3.711907739511836,2.8941913767787657,1.6861655717491275,,1.5058155499140615,3.0556060352813197,0.950264333075105,-4.60571534538464,-3.711907739511836,-2.8941913767787657,-1.6861655717491275,,-1.5058155499140615,-3.0556060352813197
76,,-16.182425118892183,-18.561070799239808,-17.208585835946216,-18.579244966279038,-17.155759567858937,-18.613170710959672,-17.302061766993447,,7.434775026178319,5.967923484392378,5.628001852274355,5.011366471090454,3.510753137804061,5.281426656970839,4.68617647161831,,-7.434775026178319,-5.967923484392378,-5.628001852274355,-5.011366471090454,-3.510753137804061,-5.281426656970839,-4.68617647161831,-22.316200686763107,-18.245003248438966,-19.935124161435645,-18.54016141480469,-21.868820082197423,,-21.10170916706287,-19.121452973829967,0.10819880982972752,4.5393806642547725,3.7835960023658464,2.7976726101181817,1.8615226039188095,,1.506499080346623,2.974179311386094,-0.10819880982972752,-4.5393806642547725,-3.7835960023658464,-2.7976726101181817,-1.8615226039188095,,-1.506499080346623,-2.974179311386094
77,,-16.52755426013983,-18.86433429936485,-17.413685619979383,-18.797307252927546,-17.192291362045026,-18.879571968875496,-17.51534256199495,,7.309199533672691,6.030415424774052,5.641227444899879,5.045142181425696,3.7657567933801825,5.33574245249283,4.795788741955455,,-7.309199533672691,-6.030415424774052,-5.641227444899879,-5.045142181425696,-3.7657567933801825,-5.33574245249283,-4.795788741955455,-22.676230105939936,-18.629327769577227,-20.216242545215557,-18.994586530985224,-22.16666227350393,,-21.467087771392023,-19.540827792489367,1.2362545215672496,4.418843627731729,3.994844765508824,2.8146645628565468,2.1243749329442934,,1.9881887264191205,2.9224067694937546,-1.2362545215672496,-4.418843627731729,-3.994844765508824,-2.8146645628565468,-2.1243749329442934,,-1.9881887264191205,-2.9224067694937546
78,,-16.817990654516606,-19.087651269938313,-17.6289003000243,-19.048614807380275,-17.262941630115236,-19.07785594347027,-17.862700575677145,,7.172617422688618,6.088322676296661,5.653908859483066,5.052177272078584,4.927649367228664,5.382758579069396,4.825403504889502,,-7.172617422688618,-6.088322676296661,-5.653908859483066,-5.052177272078584,-4.927649367228664,-5.382758579069396,-4.825403504889502,-22.529782166747392,-19.447566768188516,-20.501524052562118,-19.8146183633822,-22.79250385806344,,-21.781472144001995,-20.359963207993495,4.421288021757451,4.1601273505075715,4.124710779643403,2.6531909119038697,2.2130387287842397,,2.4951134113849815,2.7123118054053372,-4.421288021757451,-4.1601273505075715,-4.124710779643403,-2.6531909119038697,-2.2130387287842397,,-2.4951134113849815,-2.7123118054053372
79,,-17.182004292718204,-19.291237696862602,-17.768592552833,-19.332059012554673,-16.576762859449126,-19.288680300256665,-18.038760417812888,,6.978799693113972,6.131018109817515,5.668834246815346,5.035977982822773,6.5677553346986,5.420994150997444,4.877375462329969,,-6.978799693113972,-6.131018109817515,-5.668834246815346,-5.035977982822773,-6.5677553346986,-5.420994150997444,-4.877375462329969,-21.22952282655214,-20.39903914476194,-20.977422309236417,-20.77828767637586,-23.402553516495267,,-22.09990277801575,-21.31753405277704,5.456693777308104,4.139290193915847,4.004106704907982,2.371275123630393,1.7593565580491175,,3.546144485149891,2.5609353329727367,-5.456693777308104,-4.139290193915847,-4.004106704907982,-2.371275123630393,-1.7593565580491175,,-3.546144485149891,-2.5609353329727367
80,,-17.51876183577815,-19.477738676624554,-17.91098551345157,-19.58855214970208,-16.490097089987735,-19.507584567364006,-18.224817874458367,,6.742920993978398,6.232907999254008,5.631258087244866,5.030151401640176,6.94406674871637,5.475456641042135,5.210289102920759,,-6.742920993978398,-6.232907999254008,-5.631258087244866,-5.030151401640176,-6.94406674871637,-5.475456641042135,-5.210289102920759,,-21.38191874990192,-21.56198152224045,-21.580028207290294,-25.48367836652893,,-22.064685955095957,-22.20984412080425,,4.3588510069163995,3.8796703616453865,2.690633979605869,2.6385915984219905,,3.698573565667536,2.8303951674607513,,-4.3588510069163995,-3.8796703616453865,-2.690633979605869,-2.6385915984219905,,-3.698573565667536,-2.8303951674607513
81,,-17.93885763146467,-19.625160883851855,-18.21087000798098,-19.70901755633216,-16.736956019777253,-19.723017773564855,-18.192865247205056,,6.35131800977612,6.3735380936061645,5.470012069437551,5.236524738854488,7.486407175298189,5.537672043590307,5.657715049146942,,-6.35131800977612,-6.3735380936061645,-5.470012069437551,-5.236524738854488,-7.486407175298189,-5.537672043590307,-5.657715049146942,,-22.466415166649835,-22.028990194376846,-22.25217724758498,-25.653520342648303,,-23.432601874145664,-23.088166849325546,,4.674214183023038,5.962911999230729,3.002495333126896,3.7944163915583644,,4.593181293375209,3.1440074322745835,,-4.674214183023038,-5.962911999230729,-3.002495333126896,-3.7944163915583644,,-4.593181293375209,-3.1440074322745835
82,,-18.5029236454794,-19.78367119452937,-18.582140628144998,-19.52930228624121,-17.125156644033666,-19.93051949747732,-18.409071410173134,,5.7646535859596275,6.388075412999941,5.247810423970908,5.605955612930164,7.843623135306583,5.542027412695897,5.644479062139102,,-5.7646535859596275,-6.388075412999941,-5.247810423970908,-5.605955612930164,-7.843623135306583,-5.542027412695897,-5.644479062139102,,-23.59637778364446,-23.358785140858068,-23.1996177927697,-26.106075695969096,,-24.182420335445965,-24.12686843041522,,5.2555456078177665,8.629785946177973,3.3144398302989178,3.737357238676373,,6.504530663417017,3.590645393257959,,-5.2555456078177665,-8.629785946177973,-3.3144398302989178,-3.737357238676373,,-6.504530663417017,-3.590645393257959
83,,-19.072702894141933,-20.025727380342524,-19.002807944344752,-19.28131171445679,,-20.111780293698935,-18.743832673189537,,5.054597998988971,6.100534767399914,4.941455552591702,5.83256731116116,,5.50144375850304,5.644514680828115,,-5.054597998988971,-6.100534767399914,-4.941455552591702,-5.83256731116116,,-5.50144375850304,-5.644514680828115,,-25.660353887056402,-23.119691549481637,-24.971885299645606,-25.199182137648105,,-24.289151216418144,-26.044990235559148,,6.284699334428459,8.582236785611094,3.5782064928973303,4.141668426282454,,6.452226506692583,4.237105587862511,,-6.284699334428459,-8.582236785611094,-3.5782064928973303,-4.141668426282454,,-6.452226506692583,-4.237105587862511
84,,-19.539751097011674,-20.40691927449756,-19.40972604009253,-19.25422347564156,,-20.212518605730978,-19.148904178419777,,4.448418325344713,5.629015508720086,4.611131478239761,6.036380896169173,,5.450399566200964,5.522944314646174,,-4.448418325344713,-5.629015508720086,-4.611131478239761,-6.036380896169173,,-5.450399566200964,-5.522944314646174,,-24.06152713824047,-21.19606495046022,-25.407183701702692,-24.613799468788166,,-22.873891137746938,-25.46322606217972,,6.556345204232436,8.571421940442322,4.062661901691703,3.461457886951175,,6.648974677911236,4.615156227161686,,-6.556345204232436,-8.571421940442322,-4.062661901691703,-3.461457886951175,,-6.648974677911236,-4.615156227161686
85,,,-20.530830943611896,-19.75517145417694,-19.38107477018585,,-20.15047915439594,-19.928146769632782,,,4.78899504084717,4.4297325229214675,5.917522298702882,,5.143695181380004,4.581901134161621,,,-4.78899504084717,-4.4297325229214675,-5.917522298702882,,-5.143695181380004,-4.581901134161621,,-21.783254333385486,-21.18977591445782,-21.91756734775127,,,-22.57805528531577,-22.579281482776516,,6.567581648427331,6.9850619663145155,5.6005863629868236,,,5.515689421181694,5.389736679906694,,-6.567581648427331,-6.9850619663145155,-5.6005863629868236,,,-5.515689421181694,-5.389736679906694
86,,,-20.57664495576607,-19.97407034862652,,,-20.15984204106541,-20.322485841188843,,,4.098947837019739,4.7234087496889945,,,4.900578371970294,4.373711454060056,,,-4.098947837019739,-4.7234087496889945,,,-4.900578371970294,-4.373711454060056,,,,,,,,,,,,,,,,,,,,,,,,
87,,,-20.886332767013442,-20.0893966239086,,,-20.378111593961243,-20.613673080264753,,,3.7186553540260077,5.201307563315099,,,4.651002831740284,4.30957102405098,,,-3.7186553540260077,-5.201307563315099,,,-4.651002831740284,-4.30957102405098,,,,,,,,,,,,,,,,,,,,,,,,
88,,,,,,,,,,,,,,,,,,,,,,,,,,,,,,,,,,,,,,,,,,,,,,,,
89,,,,,,,,,,,,,,,,,,,,,,,,,,,,,,,,,,,,,,,,,,,,,,,,
90,,,,,,,,,,,,,,,,,,,,,,,,,,,,,,,,,,,,,,,,,,,,,,,,
91,,,,,,,,,,,,,,,,,,,,,,,,,,,,,,,,,,,,,,,,,,,,,,,,
92,,,,,,,,,,,,,,,,,,,,,,,,,,,,,,,,,,,,,,,,,,,,,,,,
93,,,,,,,,,,,,,,,,,,,,,,,,,,,,,,,,,,,,,,,,,,,,,,,,
94,,,,,,,,,,,,,,,,,,,,,,,,,,,,,,,,,,,,,,,,,,,,,,,,
95,,,,,,,,,,,,,,,,,,,,,,,,,,,,,,,,,,,,,,,,,,,,,,,,
96,,,,,,,,,,,,,,,,,,,,,,,,,,,,,,,,,,,,,,,,,,,,,,,,
97,,,,,,,,,,,,,,,,,,,,,,,,,,,,,,,,,,,,,,,,,,,,,,,,
98,,,,,,,,,,,,,,,,,,,,,,,,,,,,,,,,,,,,,,,,,,,,,,,,
99,,,,,,,,,,,,,,,,,,,,,,,,,,,,,,,,,,,,,,,,,,,,,,,,
